verse_id,doc_id,match,tokens,tfidf,proportion,runs_pval
John 7:17 (KJV),sn84026688/1903-02-05/ed-1/seq-1/,quotation,9,1.1150688635871504,0.10714285714285714,0.07746633505304673
Matthew 6:13 (KJV),sn86072143/1876-12-01/ed-1/seq-1/,quotation,24,3.0669013280457693,0.2857142857142857,1.3854563038452978e-51
Isaiah 28:15 (KJV),sn84020104/1853-12-16/ed-1/seq-4/,noise,2,0.05204886698704531,0.005555555555555556,4.054205153035938e-13
1 Maccabees 2:21 (KJV),sn83016810/1905-08-05/ed-1/seq-2/,noise,5,1.3303949720201298,0.1388888888888889,0.01979892025426729
Matthew 14:4 (KJV),sn82014593/1852-02-09/ed-1/seq-2/,quotation,30,5.939179035855809,0.625,1.7691557590069634e-5
Genesis 37:28 (KJV),sn92065637/1896-06-24/ed-1/seq-4/,quotation,66,4.07808693059217,0.39285714285714285,4.634566938390464e-47
2 Esdras 12:48 (KJV),sn85034311/1875-07-16/ed-1/seq-4/,noise,2,0.08112860085528445,0.010416666666666666,3.851764823482024e-4
Matthew 24:40 (KJV),sn85033781/1876-07-21/ed-1/seq-3/,quotation,13,2.5963569839089424,0.2708333333333333,1.4710350152251353e-6
Luke 14:11 (KJV),sn88064181/1914-04-03/ed-1/seq-7/,quotation,13,2.1182723629505746,0.21666666666666667,2.7962747216802155e-124
Proverbs 27:12 (KJV),sn87070038/1852-04-15/ed-1/seq-1/,quotation,33,5.59628251348553,0.55,1.8287910535966042e-102
Isaiah 1:18 (KJV),sn83016957/1842-04-16/ed-1/seq-4/,quotation,36,1.9459045357677052,0.1875,9.258702589485479e-17
1 Peter 2:23 (KJV),sn89058154/1922-09-29/ed-1/seq-2/,quotation,105,8.405014889492422,0.7954545454545455,3.035097396776e-25
Matthew 28:19 (KJV),sn2006060001/1888-06-14/ed-1/seq-3/,quotation,58,5.736018532748903,0.537037037037037,1.9602274099753393e-39
Jonah 1:2 (KJV),sn85034235/1910-12-29/ed-1/seq-4/,quotation,41,4.353487658609498,0.4270833333333333,4.152184582546521e-47
Matthew 20:26 (KJV),sn84027621/1902-05-19/ed-1/seq-1/,quotation,23,2.9297489414000943,0.2738095238095238,7.076407850156872e-15
Matthew 16:26 (KJV),sn86053569/1838-11-24/ed-1/seq-1/,quotation,33,2.599280348481644,0.25,1.011052793189827e-6
Psalm 40:1 (KJV),sn90061052/1922-01-19/ed-1/seq-9/,quotation,10,2.0590337744477116,0.20833333333333331,6.420131242858683e-20
Job 39:24 (KJV),sn84026688/1898-10-27/ed-1/seq-1/,quotation,5,1.1017635745729877,0.10416666666666666,5.821857952352944e-124
Matthew 20:28 (KJV),sn84026788/1891-11-24/ed-1/seq-1/,quotation,13,1.3375370588672686,0.13541666666666666,2.9774713198033976e-5
Habakkuk 3:2 (KJV),sn92065637/1896-02-19/ed-1/seq-5/,quotation,76,4.3981210312805175,0.4222222222222222,2.4367348134595553e-35
Ecclesiastes 1:4 (KJV),sn94060041/1894-05-12/ed-1/seq-1/,quotation,110,16.173296874137396,1.5277777777777777,5.3226538869777644e-73
Ephesians 5:23 (KJV),sn86069867/1899-12-10/ed-1/seq-4/,quotation,12,2.105224376158162,0.2,8.634988487819919e-4
1 Kings 19:13 (KJV),2010218519/1914-03-28/ed-1/seq-1/,quotation,204,9.717150559015634,0.9444444444444444,3.3747273248003557e-36
Psalm 107:1 (KJV),sn86061215/1912-11-30/ed-1/seq-8/,quotation,2,0.31464789189366515,0.041666666666666664,1.5072095677104083e-23
1 Corinthians 10:24 (KJV),sn83040052/1898-03-04/ed-1/seq-4/,quotation,60,10.968965780470532,1,2.331041185423503e-29
Mark 10:45 (KJV),sn84026788/1891-11-24/ed-1/seq-1/,quotation,13,1.3375370588672686,0.13541666666666666,2.9774713198033976e-5
1 Samuel 9:2 (KJV),sn89058154/1922-06-02/ed-1/seq-3/,quotation,216,10.407496015958614,1,7.736975694936719e-45
1 Samuel 17:11 (KJV),sn84024716/1908-08-05/ed-1/seq-4/,quotation,5,0.5290915366440105,0.05208333333333333,9.37160530838902e-8
Revelation 3:16 (KJV),sn83021327/1877-04-19/ed-1/seq-1/,quotation,124,11.224098282689587,1.0333333333333332,2.6114399070310714e-80
Hebrews 6:1 (KJV),sn88085187/1915-10-28/ed-1/seq-5/,quotation,153,9.176376869091573,0.85,8.85862884434955e-108
Psalm 141:3 (KJV),sn85034235/1883-04-12/ed-1/seq-4/,quotation,12,2.652085485078868,0.25,1.479917030950439e-26
Luke 17:35 (KJV),sn85033781/1876-07-21/ed-1/seq-3/,quotation,13,2.0770855871271543,0.21666666666666667,7.450463470208368e-8
Job 32:8 (KJV),sn84026409/1892-10-05/ed-1/seq-4/,quotation,13,3.9197502818587733,0.3611111111111111,1.848882208485752e-14
Exodus 28:20 (KJV),sn88064176/1900-07-21/ed-1/seq-3/,quotation,7,1.1437047611415225,0.11666666666666667,1.2233482610196995e-29
Proverbs 23:32 (KJV),sn86072143/1876-06-02/ed-1/seq-1/,quotation,2,0.58388818058369,0.05555555555555555,6.86339384802971e-30
Ephesians 5:12 (KJV),sn83035174/1869-05-12/ed-1/seq-1/,quotation,81,14.347382715276204,1.35,3.228773349021209e-57
2 Samuel 19:25 (KJV),sn88064402/1905-12-29/ed-1/seq-2/,noise,5,0.23997077891884247,0.03205128205128205,3.0415666063285363e-5
Matthew 17:5 (KJV),sn85038078/1846-11-12/ed-1/seq-1/,quotation,60,2.5671066204562742,0.2631578947368421,5.310704674215209e-4
1 Thessalonians 5:21 (KJV),sn84028820/1856-12-11/ed-1/seq-1/,quotation,36,10.323655438374747,1,7.711454831931686e-14
Mark 16:15 (KJV),sn88064175/1877-08-04/ed-1/seq-1/,quotation,6,0.713365376990605,0.07142857142857142,1.1436450478772072e-6
Mark 10:14 (KJV),sn89058336/1915-06-25/ed-1/seq-4/,quotation,44,2.215217182364483,0.22916666666666666,3.191506064293031e-6
1 John 3:14 (KJV),sn83016475/1840-11-23/ed-1/seq-2/,noise,5,0.27763158870778015,0.03205128205128205,6.292928755505811e-7
Mark 5:6 (KJV),sn97067613/1889-02-07/ed-1/seq-4/,quotation,19,4.258801597412298,0.3958333333333333,1.3923676009095225e-4
Proverbs 27:1 (KJV),sn87056600/1884-11-12/ed-1/seq-2/,quotation,5,0.5897621970158291,0.05952380952380952,2.8022851737437854e-7
Mark 5:10 (KJV),sn97067613/1889-02-07/ed-1/seq-4/,quotation,60,8.523689591078153,0.8333333333333333,1.7413236523277835e-6
Deuteronomy 6:5 (KJV),sn84029853/1907-09-19/ed-1/seq-3/,quotation,46,3.140654718062502,0.3484848484848485,3.4803321325299645e-51
Matthew 6:28 (KJV),sn85033535/1874-06-20/ed-1/seq-4/,quotation,22,1.824185103034818,0.18333333333333332,4.431243904894685e-11
James 1:7 (KJV),sn89058007/1903-07-10/ed-1/seq-4/,quotation,24,4.079924983680426,0.4,9.944311230768354e-8
Luke 14:31 (KJV),sn83016925/1887-07-06/ed-1/seq-2/,quotation,70,3.733069359654261,0.3431372549019608,8.00476633293081e-15
1 Thessalonians 3:12 (KJV),sn84036256/1921-09-02/ed-1/seq-2/,quotation,120,10.502565185917874,1,7.866424258161239e-31
1 Thessalonians 5:13 (KJV),sn82005159/1858-01-08/ed-1/seq-3/,quotation,36,5.5322015290939675,0.5,1.2309598407709924e-38
Luke 10:30 (KJV),sn94060041/1890-10-25/ed-1/seq-1/,quotation,67,3.160346314995261,0.293859649122807,1.5420624510265608e-17
Genesis 15:2 (KJV),sn84026688/1903-01-29/ed-1/seq-1/,quotation,98,7.889448924034375,0.7424242424242424,1.876705788353314e-18
Matthew 21:3 (KJV),sn85034235/1910-12-29/ed-1/seq-4/,quotation,120,10.49984124695422,1,6.201785461834008e-19
Psalm 25:14 (KJV),sn96086441/1889-04-26/ed-1/seq-7/,quotation,13,2.768999597264113,0.2708333333333333,1.6836902426652773e-115
1 Samuel 17:42 (KJV),sn97067613/1889-08-29/ed-1/seq-4/,quotation,48,5.170639112775164,0.5,1.266135375110539e-6
Esther 2:2 (KJV),sn83030313/1846-02-21/ed-1/seq-3/,quotation,24,2.348966390611542,0.2222222222222222,2.4393422705348553e-75
Micah 4:3 (KJV),sn88064250/1892-08-27/ed-1/seq-1/,quotation,57,1.724967525660718,0.18269230769230768,1.943068841886901e-9
Mark 10:25 (KJV),sn88085011/1894-08-04/ed-1/seq-2/,quotation,5,0.5240341635629512,0.05208333333333333,1.7105914092463198e-13
Matthew 16:24 (KJV),sn94060041/1890-03-15/ed-1/seq-6/,quotation,132,6.560674882043276,0.6875,5.55025249234717e-13
Luke 18:16 (KJV),sn83004226/1912-06-07/ed-1/seq-1/,quotation,25,1.4323965345668646,0.1488095238095238,1.5564483745224593e-16
Job 2:4 (KJV),sn94052364/1890-10-11/ed-1/seq-1/,quotation,60,6.448401628969843,0.625,3.9625757409384714e-8
Job 10:19 (KJV),sn84024827/1903-11-24/ed-1/seq-6/,noise,2,0.1550049486584635,0.018518518518518517,7.922215399792319e-6
Matthew 3:11 (KJV),sn84036012/1898-01-10/ed-1/seq-3/,quotation,144,7.112831248988445,0.7058823529411764,4.8626590912538426e-58
Isaiah 45:22 (KJV),sn89058007/1895-09-27/ed-1/seq-4/,quotation,10,0.9652313717665674,0.10416666666666666,1.0204437582706141e-7
Mark 1:3 (KJV),sn84024720/1907-03-15/ed-1/seq-2/,quotation,11,1.2313845824420822,0.13095238095238093,6.872162857095172e-20
Psalm 144:3 (KJV),sn82006687/1872-01-25/ed-1/seq-1/,quotation,6,0.5677769923438167,0.0625,1.9059249500031728e-8
Acts 7:60 (KJV),sn83016925/1887-06-15/ed-1/seq-4/,quotation,146,11.50894487341792,1.1060606060606062,1.4229909058610283e-29
Hebrews 13:18 (KJV),sn83035595/1867-11-08/ed-1/seq-3/,noise,5,0.5373372371999814,0.05208333333333333,8.463035889977364e-4
Jeremiah 49:11 (KJV),sn85026941/1898-08-19/ed-1/seq-1/,quotation,84,9.205611587867073,0.875,2.0636109360131453e-63
Mark 12:43 (KJV),sn84024718/1873-02-11/ed-1/seq-2/,noise,5,0.20820851785467093,0.026041666666666664,0.03477780181231054
Genesis 1:21 (KJV),sn84026688/1903-01-29/ed-1/seq-1/,quotation,145,6.596282055716957,0.6359649122807017,1.2643141360257218e-19
Mark 10:20 (KJV),sn85042588/1889-03-29/ed-1/seq-2/,quotation,13,2.3216231286619973,0.21666666666666667,2.024774889067799e-8
2 Thessalonians 3:10 (KJV),sn82016014/1909-07-31/ed-1/seq-12/,quotation,120,10.717892034018353,1,4.1115826864090236e-12
Luke 2:49 (KJV),sn92065637/1896-01-08/ed-2/seq-2/,quotation,24,2.191210364128603,0.2,6.476430882532823e-4
Mark 12:30 (KJV),sn83016925/1887-03-30/ed-1/seq-4/,quotation,34,1.4455180629406934,0.17708333333333331,8.503674290525705e-29
Matthew 11:28 (KJV),sn83016925/1887-06-15/ed-1/seq-4/,noise,5,0.5998169414371499,0.06944444444444445,2.984641032081185e-7
Isaiah 48:19 (KJV),sn84038034/1858-03-25/ed-1/seq-1/,noise,6,0.24845525175851352,0.02631578947368421,2.015541107965182e-9
John 19:6 (KJV),sn84024283/1905-08-03/ed-1/seq-3/,noise,5,0.18494239835545623,0.018115942028985508,0.42747254855869865
Isaiah 1:3 (KJV),sn83016474/1840-04-02/ed-1/seq-1/,quotation,120,10.346076374204168,1,9.407644656477065e-48
Matthew 13:31 (KJV),sn83025440/1879-11-13/ed-1/seq-2/,noise,5,0.2803730467200763,0.02976190476190476,1.672046750769948e-4
Mark 11:6 (KJV),sn97067613/1889-04-04/ed-1/seq-4/,quotation,20,2.7286204997858405,0.2777777777777778,5.0827319786102284e-11
Acts 19:2 (KJV),sn88068010/1920-07-16/ed-1/seq-1/,noise,5,0.20076856393742312,0.020833333333333332,1.1326265161322114e-5
Mark 12:30 (KJV),sn84029853/1907-09-19/ed-1/seq-3/,quotation,65,2.8521696817344946,0.33854166666666663,4.3007121806300386e-29
Luke 21:24 (KJV),sn93067846/1911-08-30/ed-1/seq-6/,quotation,25,1.450996157972759,0.1388888888888889,3.307665893791941e-9
Isaiah 2:4 (KJV),sn88064250/1892-08-27/ed-1/seq-1/,quotation,57,1.8687148194657763,0.19791666666666666,1.1858486415957624e-9
2 Corinthians 1:2 (KJV),sn83025323/1914-06-25/ed-1/seq-1/,noise,10,1.728143500804942,0.20833333333333331,2.113879815951923e-8
Lamentations 2:16 (KJV),sn84024283/1910-08-11/ed-1/seq-7/,noise,5,0.18774932659643734,0.01984126984126984,6.94777232220015e-5
Galatians 3:1 (KJV),sn84026925/1892-01-13/ed-1/seq-2/,quotation,16,0.8183792925702693,0.07407407407407407,6.091895904544224e-20
Matthew 6:29 (KJV),sn88085204/1882-06-03/ed-1/seq-3/,quotation,24,3.2707428821126125,0.3333333333333333,4.996894167814525e-21
1 Samuel 15:21 (KJV),sn83045784/1863-05-07/ed-1/seq-4/,noise,6,0.3093675053741452,0.03333333333333333,1.65662820004717e-14
James 4:15 (KJV),sn86072143/1870-02-18/ed-1/seq-2/,quotation,13,3.576687676460998,0.3611111111111111,2.7240952355475948e-5
Mark 1:8 (KJV),sn84036012/1898-01-10/ed-1/seq-3/,noise,5,0.9810084141078148,0.10416666666666666,1.6712343638544906e-11
Proverbs 22:3 (KJV),sn87070038/1852-04-15/ed-1/seq-1/,quotation,33,5.59628251348553,0.55,1.8287910535966042e-102
2 Chronicles 30:10 (KJV),sn82015485/1917-07-12/ed-1/seq-7/,quotation,25,1.6554504576349052,0.16025641025641024,3.4226515755572833e-12
Ezekiel 3:17 (KJV),sn89066129/1911-09-29/ed-1/seq-3/,quotation,37,2.399701902755759,0.23717948717948717,8.748602541325273e-11
Hebrews 2:6 (KJV),sn82006687/1872-01-25/ed-1/seq-1/,quotation,18,1.2761523812414228,0.13636363636363635,5.5953502229746165e-5
2 Corinthians 6:14 (KJV),2013271052/1896-10-31/ed-1/seq-2/,quotation,125,11.649920213162073,1.0416666666666667,1.0667469698812936e-91
Matthew 10:39 (KJV),sn84026925/1879-03-20/ed-1/seq-4/,quotation,48,8.208417596644502,0.8,6.967872004395946e-96
Proverbs 26:12 (KJV),sn85025620/1883-05-24/ed-1/seq-4/,quotation,14,1.617544715714894,0.16666666666666666,1.5839506584103809e-28
Exodus 6:2 (KJV),sn84026688/1903-01-29/ed-1/seq-1/,noise,20,2.4845929279927907,0.3333333333333333,3.1147212678411883e-24
Luke 17:16 (KJV),sn85033781/1896-04-29/ed-1/seq-6/,quotation,18,3.936540204133503,0.375,4.302888089132646e-23
Psalm 124:1 (KJV),sn84026788/1898-09-20/ed-1/seq-1/,noise,5,0.47795802796919284,0.05952380952380952,1.421215112495082e-4
Luke 13:30 (KJV),sn85034235/1910-12-29/ed-1/seq-4/,quotation,86,15.265261958695945,1.4333333333333333,2.126738251577333e-20
Luke 4:11 (KJV),sn86069620/1897-03-04/ed-1/seq-2/,quotation,24,1.8690472968852914,0.2,2.4010389066995152e-18
Mark 8:36 (KJV),sn82015408/1845-04-26/ed-1/seq-2/,quotation,24,3.0287158302094666,0.2857142857142857,3.2142144905857452e-6
John 11:21 (KJV),sn85033673/1867-04-01/ed-1/seq-1/,quotation,45,3.3089713126789033,0.34090909090909094,4.728849769929533e-21
Acts 24:19 (KJV),sn84036276/1898-04-02/ed-1/seq-3/,noise,5,0.4832546703605876,0.046296296296296294,4.5915302560025343e-29
Matthew 12:24 (KJV),sn85054616/1854-12-20/ed-1/seq-1/,quotation,13,1.2306472083562325,0.12037037037037036,1.31592674708189e-4
Mark 11:4 (KJV),sn97067613/1889-04-04/ed-1/seq-4/,quotation,72,7.42602935262811,0.6666666666666666,1.6392828875865787e-20
Job 10:19 (KJV),sn84026925/1890-04-30/ed-1/seq-1/,noise,6,0.47857924212789454,0.05555555555555555,3.872606123686845e-18
Acts 5:2 (KJV),sn84023963/1909-02-05/ed-1/seq-6/,quotation,95,8.364390609914993,0.7916666666666666,4.8597100779943044e-60
Genesis 14:16 (KJV),sn84026688/1903-01-29/ed-1/seq-1/,quotation,80,7.843756746367539,0.7407407407407407,7.501447849187071e-19
2 Corinthians 5:20 (KJV),sn87065028/1903-02-10/ed-1/seq-3/,quotation,146,11.429146087530128,1.0138888888888888,1.581377690678062e-45
Matthew 25:23 (KJV),sn97067613/1889-02-14/ed-1/seq-2/,quotation,115,4.237530074970876,0.4166666666666667,4.594822317417395e-12
Psalm 65:2 (KJV),sn84024718/1864-05-24/ed-1/seq-2/,quotation,15,2.511405914917537,0.25,2.0627267608003997e-18
Acts 13:10 (KJV),sn93067841/1917-04-12/ed-1/seq-6/,quotation,85,4.383310798729943,0.4166666666666667,1.5345908261706168e-16
Acts 13:1 (KJV),sn85033781/1895-07-26/ed-1/seq-3/,noise,5,0.21467564300292075,0.023148148148148147,9.154159870452707e-5
1 Kings 19:11 (KJV),2010218519/1914-03-28/ed-1/seq-1/,quotation,226,7.504938232002546,0.7243589743589743,2.0396114534766919e-72
Matthew 6:34 (KJV),sn96076839/1907-08-24/ed-1/seq-6/,quotation,13,0.9442451236843363,0.09027777777777778,1.624020417741963e-7
Genesis 13:6 (KJV),sn86081895/1901-08-01/ed-1/seq-6/,quotation,50,3.8460470518046512,0.3787878787878788,8.733959829473688e-12
Psalm 8:2 (KJV),sn85038519/1866-05-27/ed-1/seq-1/,quotation,48,3.5282133262530144,0.3333333333333333,4.457635495837898e-82
Zechariah 11:2 (KJV),sn97067613/1889-12-12/ed-1/seq-2/,quotation,10,0.7341392961422776,0.06944444444444445,8.066128888422707e-8
1 Kings 8:19 (KJV),sn84026688/1903-01-29/ed-1/seq-1/,noise,5,0.2167622849498337,0.02777777777777778,0.14991527137107527
Isaiah 48:19 (KJV),sn93067846/1894-12-05/ed-1/seq-5/,noise,6,0.24213787639715315,0.02631578947368421,1.0005696506942282e-14
Psalm 1:1 (KJV),sn97067613/1889-02-07/ed-1/seq-4/,quotation,84,7.597542310620084,0.7,5.462711373663695e-8
1 Samuel 23:17 (KJV),sn84024716/1908-08-19/ed-1/seq-4/,quotation,115,4.565407072117703,0.45634920634920634,5.4424654163497245e-21
2 Chronicles 31:10 (KJV),sn84026925/1890-08-20/ed-1/seq-2/,noise,5,0.15882727887062154,0.015432098765432098,3.268999768227299e-4
1 John 5:20 (KJV),sn87075163/1860-04-26/ed-1/seq-2/,noise,5,0.20732454601476258,0.020833333333333332,3.347418518589574e-5
Psalm 26:7 (KJV),sn89058128/1891-11-05/ed-1/seq-5/,noise,5,0.7810160314183447,0.08333333333333333,4.1114928419953295e-8
Hebrews 9:28 (KJV),sn83025661/1840-07-29/ed-1/seq-1/,quotation,62,3.8128592380315314,0.34444444444444444,3.0732360957786616e-16
Matthew 17:4 (KJV),sn86086632/1898-04-16/ed-1/seq-7/,quotation,89,3.947125428129592,0.39035087719298245,1.3218701147560386e-25
Romans 6:11 (KJV),sn83030214/1871-12-27/ed-1/seq-2/,noise,26,1.4667443679073804,0.16666666666666666,1.8649270985535695e-83
2 Samuel 13:22 (KJV),sn86064259/1911-04-07/ed-1/seq-4/,noise,5,0.3216422102468973,0.03205128205128205,4.306625296408929e-7
Matthew 22:30 (KJV),sn85033429/1869-08-26/ed-1/seq-4/,quotation,27,4.498150127238172,0.45,4.325446078481119e-109
Genesis 15:4 (KJV),sn84026688/1903-01-29/ed-1/seq-1/,quotation,200,9.620543381519388,0.9803921568627451,5.74811753016477e-17
Proverbs 24:10 (KJV),sn97067613/1889-02-14/ed-1/seq-2/,quotation,18,3.899405803068494,0.375,1.2686978380215615e-17
Ephesians 4:3 (KJV),sn82016419/1874-02-27/ed-1/seq-3/,quotation,13,5.632475048876713,0.5416666666666666,6.771202578708941e-103
Ecclesiastes 1:2 (KJV),sn97067613/1889-12-19/ed-1/seq-2/,quotation,5,1.0641764497974333,0.10416666666666666,7.538021936884202e-7
Isaiah 1:24 (KJV),sn83016474/1840-04-02/ed-1/seq-1/,quotation,166,10.610406377589623,1.064102564102564,4.075763308468031e-114
Philippians 2:8 (KJV),sn82006687/1908-04-16/ed-1/seq-3/,quotation,24,2.3884292292435587,0.2222222222222222,3.5247275892953216e-44
Mark 14:7 (KJV),sn89058007/1903-09-04/ed-1/seq-1/,quotation,336,26.82486788482703,2.5454545454545454,5.160635881771386e-30
Ezra 8:35 (KJV),sn85034235/1883-11-22/ed-1/seq-4/,noise,2,0.05292509989381647,0.006172839506172839,0.0022417159039116634
Luke 2:14 (KJV),sn88077573/1907-12-14/ed-1/seq-19/,quotation,7,1.6356207555521738,0.14583333333333331,3.997788473042832e-29
Matthew 17:2 (KJV),sn86086632/1898-04-16/ed-1/seq-7/,quotation,4,0.5776897486027396,0.05555555555555555,6.200049219475094e-11
Matthew 19:24 (KJV),sn86072143/1870-12-09/ed-1/seq-2/,quotation,36,2.935251400930939,0.3,1.7676487040457512e-35
Acts 10:38 (KJV),sn86086632/1898-02-26/ed-1/seq-7/,quotation,87,4.708933237716195,0.453125,4.108406445096475e-16
John 12:32 (KJV),sn83016925/1887-03-30/ed-1/seq-4/,quotation,24,4.0869668437925535,0.4,0.1910483420705896
Exodus 20:7 (KJV),sn82015486/1865-08-24/ed-1/seq-2/,noise,5,0.30252149330032957,0.03205128205128205,5.3492117388373614e-5
Psalm 53:1 (KJV),sn89067274/1895-08-08/ed-1/seq-2/,quotation,25,1.9937775343379132,0.20833333333333334,2.3655650485228298e-7
Ephesians 5:11 (KJV),sn2006060001/1888-06-14/ed-1/seq-3/,quotation,60,10.513286743762553,1,3.1653375390785893e-17
Luke 12:34 (KJV),sn88064181/1914-03-27/ed-1/seq-7/,quotation,24,10.00066744615769,1,7.878512013671993e-10
Mark 8:36 (KJV),sn96086441/1881-03-11/ed-1/seq-4/,quotation,24,3.0287158302094666,0.2857142857142857,5.907961929842823e-27
Daniel 5:4 (KJV),sn85052141/1874-08-01/ed-1/seq-2/,noise,2,0.2492036422287003,0.027777777777777776,1.0320044622219764e-57
Luke 5:2 (KJV),sn94060041/1890-03-15/ed-1/seq-6/,quotation,57,6.22894639685424,0.59375,6.619263550661341e-8
Acts 20:2 (KJV),sn86083264/1905-01-26/ed-1/seq-1/,noise,5,0.44304407229100473,0.046296296296296294,1.962712929214155e-4
Joshua 23:8 (KJV),sn82015485/1917-12-20/ed-1/seq-4/,noise,6,0.7344019765549468,0.08333333333333333,3.575309437166438e-8
Isaiah 40:6 (KJV),sn97067613/1889-08-29/ed-1/seq-4/,quotation,36,3.0826868269095042,0.3,1.071075687721578e-6
Exodus 26:31 (KJV),sn88064176/1900-07-21/ed-1/seq-3/,quotation,40,2.508553525119735,0.30303030303030304,1.8672729867570065e-80
John 15:9 (KJV),sn84024716/1908-08-19/ed-1/seq-4/,quotation,72,10.948354816300126,1,1.0429592519564574e-21
Leviticus 16:7 (KJV),sn84026688/1903-01-29/ed-1/seq-1/,quotation,24,3.341908255228093,0.3333333333333333,1.3967321571927715e-10
Matthew 5:8 (KJV),sn88085523/1901-07-25/ed-1/seq-3/,quotation,13,5.604435695824944,0.5416666666666666,1.3167105276592902e-80
Job 39:20 (KJV),sn84026688/1898-10-27/ed-1/seq-1/,quotation,48,9.001836094152884,0.8,1.9374631812735043e-209
Psalm 8:4 (KJV),sn85050913/1914-05-26/ed-1/seq-1/,quotation,54,7.186249868081387,0.75,4.195277921536306e-36
1 Kings 19:12 (KJV),2010218519/1914-03-28/ed-1/seq-1/,quotation,94,11.49743753658171,1.119047619047619,8.516543525288244e-77
Judges 3:27 (KJV),sn88064402/1905-12-29/ed-1/seq-2/,quotation,144,10.758799577228551,1,3.761254874701922e-36
Job 39:21 (KJV),sn85047084/1885-03-26/ed-1/seq-4/,quotation,48,10.817887965987113,1,7.393113353607281e-153
Isaiah 29:15 (KJV),sn83035174/1869-05-12/ed-1/seq-1/,quotation,5,0.4192476349261709,0.041666666666666664,1.49263677131544e-15
1 Chronicles 9:24 (KJV),sn90059522/1884-03-22/ed-1/seq-6/,noise,5,0.9325104370040995,0.10416666666666666,1.5919796002218107e-7
Psalm 73:14 (KJV),sn83030193/1887-10-10/ed-1/seq-3/,noise,10,1.6276003989264805,0.16666666666666666,2.0326530515705555e-4
Luke 12:44 (KJV),sn93067976/1852-01-16/ed-1/seq-2/,noise,13,2.7676502822913513,0.2708333333333333,2.2950350719394988e-9
John 5:46 (KJV),sn84026912/1921-01-26/ed-1/seq-3/,quotation,66,8.63693907460284,0.7857142857142857,1.8204096741235712e-18
Genesis 31:49 (KJV),sn83035565/1913-11-27/ed-1/seq-3/,quotation,84,9.073936258309951,0.875,2.2541962731025903e-21
Isaiah 40:8 (KJV),sn97067613/1889-08-29/ed-1/seq-4/,quotation,19,2.677989668114249,0.2638888888888889,0.004973090716160416
John 10:1 (KJV),sn88056164/1900-12-14/ed-1/seq-2/,noise,9,0.6894892240613708,0.06818181818181818,6.194352981075909e-12
John 3:15 (KJV),sn89066651/1919-12-11/ed-1/seq-29/,quotation,19,3.1640680539476165,0.31666666666666665,2.9113739608760197e-4
Proverbs 29:20 (KJV),sn85025620/1883-05-24/ed-1/seq-4/,noise,13,1.7523401086911363,0.18055555555555555,4.217794869836592e-20
Matthew 5:29 (KJV),sn84024718/1869-06-29/ed-1/seq-1/,quotation,240,10.292162337804456,1,4.828066903148361e-36
1 Timothy 2:12 (KJV),sn86069867/1899-12-10/ed-1/seq-4/,quotation,72,11.081234742504668,1,0.01351447215262357
2 Kings 2:24 (KJV),sn86069867/1899-12-10/ed-1/seq-2/,quotation,63,4.6604021411758865,0.4375,6.747174875560211e-32
Isaiah 12:1 (KJV),sn83032199/1867-10-03/ed-1/seq-4/,quotation,79,4.831363049098256,0.47023809523809523,8.366283614482088e-154
Matthew 23:30 (KJV),sn85033371/1865-11-24/ed-1/seq-2/,noise,6,0.38340066151334723,0.041666666666666664,3.253254110382658e-14
Job 33:24 (KJV),sn85026941/1898-06-03/ed-1/seq-1/,quotation,13,1.2468574757372768,0.12037037037037036,6.596011424407668e-5
Ephesians 4:5 (KJV),sn84026925/1879-11-27/ed-1/seq-4/,quotation,25,10.611156373038451,1.0416666666666665,3.7443023435419264e-19
Mark 9:24 (KJV),sn86071197/1894-01-22/ed-1/seq-7/,quotation,24,2.427190467647924,0.2222222222222222,2.7609613110376932e-8
Acts 24:9 (KJV),sn86053634/1882-02-01/ed-1/seq-4/,noise,2,0.5338865619158357,0.05555555555555555,2.5857026341970173e-5
Luke 11:13 (KJV),sn88064020/1911-03-16/ed-1/seq-4/,quotation,79,2.9028043662831458,0.29924242424242425,2.9080952419557634e-47
1 Samuel 10:15 (KJV),sn86069620/1899-01-26/ed-1/seq-4/,noise,5,0.5624736504024781,0.06944444444444445,1.9040731315650346e-13
Ephesians 4:5 (KJV),sn86071197/1901-12-16/ed-1/seq-6/,quotation,13,5.488111073773956,0.5416666666666666,2.4617522569865796e-45
Mark 1:3 (KJV),sn86072143/1876-08-25/ed-1/seq-2/,quotation,37,4.095035760355788,0.44047619047619047,8.354590439459477e-32
1 Samuel 17:40 (KJV),sn97067613/1889-08-29/ed-1/seq-4/,quotation,35,1.6650484641005174,0.16203703703703703,5.81321316128129e-7
Revelation 10:4 (KJV),sn97067589/1910-02-11/ed-1/seq-4/,noise,24,1.0337843303360033,0.10526315789473684,2.810275540356373e-29
Philippians 4:7 (KJV),sn85042907/1911-05-20/ed-1/seq-2/,quotation,40,3.6141503055310626,0.3333333333333333,2.55226363643902e-16
Romans 8:32 (KJV),sn94060041/1894-05-12/ed-1/seq-1/,quotation,156,10.512974466934823,1,4.317301081536826e-15
Proverbs 23:31 (KJV),sn84024718/1873-03-18/ed-1/seq-1/,quotation,5,0.40064129984472285,0.03787878787878788,0.0011756561474575399
Deuteronomy 11:1 (KJV),sn83016925/1887-03-30/ed-1/seq-4/,noise,28,2.1092698669273084,0.25925925925925924,4.039636435901743e-27
1 Samuel 17:48 (KJV),sn97067613/1889-08-29/ed-1/seq-4/,quotation,42,2.934667543440879,0.2692307692307692,1.4162384737245862e-8
Job 5:7 (KJV),sn84026909/1884-03-13/ed-1/seq-3/,quotation,13,2.8162375244383564,0.2708333333333333,4.6566134215390665e-34
Matthew 12:25 (KJV),sn84020109/1875-10-07/ed-1/seq-1/,noise,6,0.25981896391547177,0.027777777777777776,0.18677695543438855
Romans 10:9 (KJV),sn86072143/1872-04-05/ed-1/seq-3/,quotation,72,3.9381902802606366,0.375,7.570935733666962e-82
Job 3:17 (KJV),sn89058128/1899-03-16/ed-1/seq-2/,quotation,7,5.59914679414963,0.5384615384615385,3.501525667790997e-126
Matthew 5:14 (KJV),sn83035595/1860-05-18/ed-1/seq-1/,quotation,5,1.1017635745729877,0.10416666666666666,3.7764492400835067e-8
Luke 9:25 (KJV),sn85033781/1896-02-26/ed-1/seq-6/,quotation,48,7.016991390905233,0.6666666666666666,6.93940258055959e-27
Romans 8:16 (KJV),sn88064020/1921-07-28/ed-1/seq-7/,quotation,60,10.769149118772138,1,1.566527354496343e-38
Numbers 23:10 (KJV),sn85038102/1898-01-14/ed-1/seq-6/,quotation,60,3.7364376783507103,0.3571428571428571,2.1382083727449652e-7
Ephesians 1:2 (KJV),sn83025323/1914-06-25/ed-1/seq-1/,noise,10,1.728143500804942,0.20833333333333331,2.113879815951923e-8
Mark 8:36 (KJV),sn87075048/1900-06-21/ed-1/seq-2/,quotation,37,4.580926779865239,0.44047619047619047,1.5315523630444364e-21
Matthew 5:8 (KJV),sn88061077/1868-03-13/ed-1/seq-3/,quotation,24,10.285852404659796,1,4.149636961583434e-62
Matthew 5:37 (KJV),sn86071045/1881-04-27/ed-1/seq-3/,quotation,109,12.19312874675106,1.1354166666666665,3.0793705895441326e-91
Proverbs 22:1 (KJV),sn83004226/1912-09-27/ed-1/seq-6/,quotation,36,3.4502800077100693,0.3333333333333333,2.8203375198912613e-54
Psalm 46:2 (KJV),sn90059228/1881-06-01/ed-1/seq-2/,quotation,48,5.628719017990663,0.5,4.374204095697122e-42
Hebrews 10:23 (KJV),sn85052141/1916-10-12/ed-1/seq-6/,quotation,43,6.629306621737801,0.5972222222222222,1.8292823762885452e-57
Luke 18:29 (KJV),sn84024718/1873-02-11/ed-1/seq-2/,noise,5,0.256256637359595,0.03205128205128205,0.05723512247353927
Revelation 1:5 (KJV),sn94060041/1894-03-03/ed-1/seq-1/,quotation,48,2.958756820177296,0.26666666666666666,6.707983723954785e-15
Luke 12:41 (KJV),sn88064181/1914-03-06/ed-1/seq-7/,quotation,30,3.2700126748079286,0.3125,4.93046378044114e-5
Revelation 20:11 (KJV),sn94060041/1894-03-03/ed-1/seq-1/,quotation,24,1.7307326330539052,0.16666666666666666,0.9688548830197299
Ezekiel 1:6 (KJV),sn86091188/1920-10-15/ed-1/seq-8/,noise,2,0.35218772190808334,0.041666666666666664,7.396380798640275e-10
John 21:22 (KJV),sn84020558/1908-02-10/ed-1/seq-3/,quotation,15,1.5326384343900608,0.15625,6.306773181754881e-13
Ephesians 6:12 (KJV),sn84028272/1891-11-25/ed-1/seq-7/,quotation,148,9.030372065898025,0.8222222222222223,1.1397961017565654e-33
Matthew 6:11 (KJV),sn84024718/1869-11-09/ed-1/seq-1/,quotation,13,9.995668785909283,1,1.8690389974568466e-12
Proverbs 8:11 (KJV),sn83025313/1913-11-21/ed-1/seq-6/,quotation,25,3.585883002243649,0.3472222222222222,4.628008118507897e-15
Luke 12:43 (KJV),sn88064181/1914-03-27/ed-1/seq-7/,quotation,24,3.136961470276841,0.3333333333333333,7.33476210635605e-27
Luke 4:16 (KJV),sn85038088/1882-03-09/ed-1/seq-4/,noise,5,0.3573620112584407,0.03787878787878788,9.866125113426963e-11
John 4:24 (KJV),sn85042907/1911-05-20/ed-1/seq-2/,quotation,24,4.378532244181322,0.4,1.1827946124334516e-6
Psalm 136:1 (KJV),sn83035143/1865-02-14/ed-1/seq-4/,noise,5,0.7735620892929551,0.10416666666666666,3.033860290550144e-35
Proverbs 17:22 (KJV),sn97067613/1901-03-13/ed-1/seq-6/,quotation,24,3.739588387060684,0.3333333333333333,1.8136889627153206e-41
Zechariah 5:5 (KJV),sn86081895/1901-08-01/ed-1/seq-6/,noise,13,0.7589768120521492,0.08333333333333333,1.0890428352844444e-5
Romans 5:1 (KJV),sn84024558/1867-02-21/ed-1/seq-3/,noise,13,0.965795456837235,0.12037037037037036,0.00109644008825657
John 5:3 (KJV),sn89058370/1899-09-16/ed-1/seq-3/,quotation,33,4.291543326551296,0.39285714285714285,1.332086026999411e-52
Job 2:7 (KJV),sn88061071/1890-03-10/ed-1/seq-3/,quotation,72,6.330987481313233,0.6,2.0644414163091366e-26
Judges 13:23 (KJV),sn85038158/1876-12-21/ed-1/seq-3/,noise,2,0.051031822392562855,0.005952380952380952,3.344598556400392e-4
Luke 14:33 (KJV),sn94060041/1890-03-15/ed-1/seq-6/,quotation,36,6.554450880102481,0.6,0.101214418166239
Ephesians 2:17 (KJV),sn84026688/1903-02-05/ed-1/seq-1/,quotation,50,7.59791021573621,0.6944444444444444,6.476943823991154e-21
Acts 2:33 (KJV),sn86053370/1864-06-22/ed-1/seq-4/,quotation,174,9.761271633212662,0.90625,1.290320959058369e-44
Romans 7:25 (KJV),sn83030214/1871-12-27/ed-1/seq-2/,noise,26,1.4667443679073804,0.16666666666666666,2.728071786265863e-26
Matthew 23:30 (KJV),sn81004761/1869-03-17/ed-1/seq-2/,noise,5,0.3245014055226024,0.034722222222222224,2.9269020640082115e-14
Galatians 6:14 (KJV),sn84026688/1903-09-17/ed-1/seq-4/,quotation,13,0.9058289016553397,0.08333333333333333,1.1151555521413571e-11
Mark 16:3 (KJV),sn85038102/1898-03-11/ed-1/seq-1/,quotation,13,1.8882353982205033,0.18055555555555555,4.097837969053399e-23
Matthew 25:40 (KJV),sn89066651/1919-08-14/ed-1/seq-1/,quotation,47,2.5461845354844392,0.24479166666666666,1.3450806424878237e-11
Isaiah 10:33 (KJV),sn89058154/1922-09-29/ed-1/seq-2/,quotation,86,5.6410733038803125,0.5512820512820512,2.4012091441952026e-103
John 15:13 (KJV),sn86069675/1892-11-22/ed-1/seq-9/,quotation,33,4.147215603448144,0.39285714285714285,3.5597320460283743e-7
Hosea 10:3 (KJV),sn86083264/1905-10-19/ed-1/seq-4/,noise,2,0.12787731339376443,0.016666666666666666,7.529700080332275e-5
Zechariah 11:10 (KJV),sn84026707/1866-09-20/ed-1/seq-1/,noise,5,0.3558563393252108,0.041666666666666664,0.041229602241575715
Ecclesiastes 7:6 (KJV),sn85038145/1873-07-10/ed-1/seq-1/,noise,5,0.8574185450644117,0.08333333333333333,1.103144743916171e-5
1 Corinthians 3:16 (KJV),sn83045217/1921-12-19/ed-1/seq-7/,quotation,24,4.018934674474658,0.4,7.373748402533154e-7
Proverbs 9:10 (KJV),sn84026853/1878-05-15/ed-1/seq-3/,quotation,5,1.298655583538566,0.1388888888888889,2.2229093791295322e-190
Matthew 13:46 (KJV),sn84028820/1856-11-06/ed-1/seq-1/,quotation,108,10.568328688767505,1,3.274815113662728e-16
Hebrews 12:1 (KJV),sn83040198/1903-01-02/ed-1/seq-2/,quotation,4,0.15070167354854078,0.014492753623188406,0.0018255632416625206
Matthew 25:21 (KJV),sn85033637/1878-11-26/ed-1/seq-1/,quotation,170,5.962720984129625,0.5902777777777778,1.1763106747617084e-28
John 1:13 (KJV),sn86061215/1912-06-01/ed-1/seq-4/,quotation,29,4.146280941476581,0.40277777777777773,6.812153054376598e-9
2 Kings 7:9 (KJV),sn86071197/1894-02-14/ed-1/seq-4/,noise,2,0.05450349338859553,0.005555555555555556,2.6079443221680276e-5
2 Samuel 22:12 (KJV),sn82016419/1880-07-16/ed-1/seq-1/,quotation,31,3.845420704542127,0.369047619047619,6.249901939281353e-37
Psalm 8:5 (KJV),sn96086441/1889-04-26/ed-1/seq-1/,quotation,14,1.2376871572201498,0.12962962962962962,3.253194806933529e-27
1 Samuel 19:9 (KJV),sn97067613/1889-08-29/ed-1/seq-4/,quotation,2,0.20491563909076194,0.020833333333333332,1.0364926488949895e-10
Luke 19:41 (KJV),sn83016632/1879-10-11/ed-1/seq-3/,quotation,10,3.117521425982237,0.2777777777777778,1.3811499464395e-14
John 4:26 (KJV),sn89058128/1891-09-10/ed-1/seq-1/,quotation,5,1.3544315377392933,0.1388888888888889,2.3611750994111705e-153
John 20:2 (KJV),sn85034235/1883-01-04/ed-1/seq-2/,noise,2,0.07280271298852306,0.007575757575757576,2.9052897766461373e-9
Exodus 3:1 (KJV),sn85026941/1898-05-13/ed-1/seq-1/,quotation,60,3.848388081328959,0.3571428571428571,1.2304469078155963e-15
2 Corinthians 1:9 (KJV),sn84026403/1854-02-18/ed-1/seq-1/,noise,5,0.40102064703921375,0.041666666666666664,4.3529683151411397e-4
Genesis 2:7 (KJV),sn86089977/1907-01-12/ed-1/seq-4/,quotation,5,0.4133868053259712,0.041666666666666664,0.03097550408178612
Malachi 3:16 (KJV),sn86079088/1873-10-18/ed-1/seq-2/,quotation,68,3.526063837254733,0.3333333333333333,2.5668477847138056e-26
1 Corinthians 14:35 (KJV),sn84020019/1847-01-29/ed-1/seq-1/,noise,2,0.18167831129531842,0.018518518518518517,1.6374983075084716e-28
Matthew 12:36 (KJV),sn86086632/1898-02-26/ed-1/seq-7/,quotation,96,9.241065282848021,0.8888888888888888,2.7152980380465586e-53
John 4:37 (KJV),sn85038102/1907-04-19/ed-1/seq-6/,quotation,31,8.966587967304365,0.861111111111111,2.820347104573745e-53
1 Corinthians 12:19 (KJV),sn83016926/1874-04-30/ed-1/seq-1/,noise,2,0.4425649594234802,0.041666666666666664,1.2204344608494418e-4
Proverbs 28:1 (KJV),sn87070038/1852-04-15/ed-1/seq-1/,quotation,13,2.2114421058933984,0.21666666666666667,7.484955256688418e-15
Leviticus 14:5 (KJV),sn85026941/1898-06-03/ed-1/seq-1/,quotation,50,6.4152659350449275,0.5952380952380952,1.2328960625047507e-60
Psalm 53:1 (KJV),sn84026853/1876-02-23/ed-1/seq-3/,quotation,24,1.9144196448587847,0.2,8.079827165169013e-11
Job 32:7 (KJV),sn85042796/1843-06-07/ed-1/seq-1/,quotation,36,6.226894514456657,0.6,1.9514748036354344e-86
John 5:39 (KJV),sn88078726/1854-09-21/ed-1/seq-1/,quotation,81,9.19486779910916,0.84375,1.304945984299583e-19
2 Samuel 2:14 (KJV),sn85038102/1898-01-14/ed-1/seq-6/,quotation,36,3.064707049494462,0.2727272727272727,8.551728208892794e-4
Romans 8:28 (KJV),sn84024718/1869-05-11/ed-1/seq-1/,quotation,24,1.886755460545649,0.18181818181818182,0.029112938151117106
Ephesians 6:15 (KJV),sn84026688/1903-02-05/ed-1/seq-1/,quotation,10,4.408755214730295,0.41666666666666663,4.2594271806838864e-13
Matthew 11:4 (KJV),sn89058007/1903-09-04/ed-1/seq-1/,quotation,45,3.765414771699743,0.34090909090909094,9.124037642723158e-4
John 6:70 (KJV),sn84024779/1886-04-22/ed-1/seq-6/,noise,4,0.7815379588203757,0.08333333333333333,0.004363632087812821
Matthew 25:45 (KJV),sn97067613/1889-12-12/ed-1/seq-3/,quotation,55,3.701736363026594,0.35256410256410253,0.0020708645422272565
Isaiah 1:9 (KJV),sn85038115/1879-08-26/ed-1/seq-2/,noise,2,0.08206144340742186,0.00980392156862745,6.727153990740966e-15
2 Corinthians 5:17 (KJV),sn88085460/1901-04-05/ed-1/seq-5/,quotation,24,1.738710412074718,0.16666666666666666,1.0537271907144954e-15
Hebrews 2:6 (KJV),sn85050913/1914-05-26/ed-1/seq-1/,quotation,54,3.9197726553171206,0.4090909090909091,8.321564564079792e-18
Revelation 18:22 (KJV),sn95069778/1897-11-25/ed-1/seq-1/,noise,2,0.06506108373380663,0.006944444444444444,0.0032148000623395843
Luke 21:26 (KJV),sn83035487/1861-02-23/ed-1/seq-1/,quotation,33,2.5618141910313366,0.22916666666666666,8.822830378346216e-25
Isaiah 26:18 (KJV),sn84030186/1861-11-07/ed-1/seq-1/,noise,3,0.08938867063467135,0.011363636363636364,6.854583162158541e-12
Exodus 39:8 (KJV),sn88064176/1900-07-21/ed-1/seq-3/,quotation,40,2.7693507609750903,0.3333333333333333,8.178705149448975e-77
Psalm 118:29 (KJV),sn83035143/1865-02-14/ed-1/seq-4/,noise,5,0.7735620892929551,0.10416666666666666,3.033860290550144e-35
Job 31:15 (KJV),sn86072143/1872-10-25/ed-1/seq-1/,noise,2,0.18162974544329924,0.020833333333333332,2.0525755152279928e-5
Romans 12:5 (KJV),sn84026925/1879-11-27/ed-1/seq-4/,quotation,85,9.489012021831794,0.8854166666666666,1.8222874781891357e-14
Philippians 1:3 (KJV),sn83040198/1903-01-02/ed-1/seq-2/,quotation,5,4.2984910656198005,0.38461538461538464,4.848074025233246e-4
Colossians 3:21 (KJV),sn97067613/1889-12-12/ed-1/seq-3/,quotation,24,5.126190167694297,0.5,6.1962958425344696e-6
Mark 8:16 (KJV),sn85038078/1846-02-05/ed-1/seq-4/,noise,2,0.2626906334079441,0.03333333333333333,1.2093121643521832e-14
Ephesians 6:17 (KJV),sn97067613/1889-08-29/ed-1/seq-4/,quotation,13,2.775961294615403,0.2708333333333333,0.06544094183990527
Matthew 23:38 (KJV),sn85032801/1895-04-11/ed-1/seq-10/,quotation,5,2.064167689555402,0.20833333333333331,4.012070142230166e-51
Leviticus 14:7 (KJV),sn85026941/1898-06-03/ed-1/seq-1/,quotation,54,3.2555356090483385,0.3214285714285714,4.2908833694769535e-17
Psalm 23:1 (KJV),sn84025811/1900-07-27/ed-1/seq-4/,quotation,5,3.9118649517250135,0.38461538461538464,8.422369231721129e-15
2 Samuel 18:33 (KJV),sn97067613/1889-12-19/ed-1/seq-2/,quotation,61,2.5254722904329867,0.24206349206349204,1.5369026434929847e-8
James 5:14 (KJV),sn86069867/1899-12-10/ed-1/seq-4/,quotation,122,7.686409845086971,0.7261904761904762,2.957633382168964e-21
Isaiah 1:13 (KJV),sn83035487/1845-11-14/ed-1/seq-3/,quotation,94,5.445116041919215,0.4895833333333333,4.9472609878080225e-34
2 Samuel 23:15 (KJV),sn85033535/1874-07-04/ed-1/seq-4/,noise,5,0.397327268405122,0.041666666666666664,0.01938326450656427
Proverbs 19:17 (KJV),sn89058007/1903-09-04/ed-1/seq-1/,quotation,36,3.550188557432002,0.3333333333333333,1.6229340054336615e-4
Judges 7:2 (KJV),sn86053661/1869-03-02/ed-1/seq-4/,noise,2,0.08252710694324851,0.007936507936507936,3.49120891987955e-31
1 Corinthians 9:12 (KJV),sn84024558/1856-08-21/ed-1/seq-1/,noise,2,0.08037433035194196,0.008771929824561403,0.022637445600303507
1 Corinthians 15:51 (KJV),sn84026925/1892-04-20/ed-1/seq-4/,quotation,68,7.286364285509961,0.7083333333333333,2.1523724540788217e-17
Matthew 6:11 (KJV),sn86072143/1876-12-01/ed-1/seq-1/,quotation,7,5.313835905979887,0.5384615384615385,1.1436997567405007e-16
John 21:5 (KJV),sn94060041/1890-03-15/ed-1/seq-6/,quotation,30,3.071159566171387,0.2777777777777778,1.140907164164037e-4
Psalm 124:1 (KJV),sn86069867/1899-12-10/ed-1/seq-1/,noise,6,0.5651690060663261,0.07142857142857142,0.5296185051100133
Colossians 2:21 (KJV),sn86079037/1872-05-22/ed-1/seq-2/,quotation,24,10.819262588225584,1,5.127018157642896e-41
John 12:1 (KJV),sn83016475/1840-11-23/ed-1/seq-2/,noise,2,0.10028280061807456,0.013888888888888888,5.774162700334038e-6
Matthew 25:3 (KJV),sn86081895/1901-01-31/ed-1/seq-7/,quotation,48,10.881489218873494,1,7.145881540980395e-38
1 Samuel 15:21 (KJV),sn86088572/1913-03-13/ed-1/seq-10/,noise,5,0.26286602077660615,0.02777777777777778,1.7345201407657229e-9
Hebrews 2:14 (KJV),sn97067613/1889-08-29/ed-1/seq-4/,quotation,13,0.6724886918375927,0.06372549019607843,0.050720085257651516
Luke 3:13 (KJV),sn84036012/1898-01-10/ed-1/seq-3/,quotation,24,4.282540692820153,0.4,7.717286790893131e-6
Zechariah 7:3 (KJV),sn94056446/1908-05-08/ed-1/seq-1/,noise,2,0.10015778351034665,0.00980392156862745,7.11449907946415e-5
Exodus 20:19 (KJV),sn88064402/1905-12-29/ed-1/seq-2/,quotation,120,10.180615721726632,1,1.0541768948618623e-29
2 Thessalonians 3:9 (KJV),sn84024738/1856-12-23/ed-1/seq-2/,noise,5,0.5772056703154156,0.05952380952380952,7.557401264277041e-17
Romans 8:39 (KJV),sn84026900/1854-09-06/ed-1/seq-1/,quotation,82,4.8366720064068165,0.4880952380952381,4.1511628045016217e-10
Jeremiah 32:38 (KJV),sn82003383/1843-09-23/ed-1/seq-1/,noise,1,8.157705785573356,1,2.8976602997167036e-35
Psalm 100:1 (KJV),sn84026925/1879-09-04/ed-1/seq-2/,quotation,13,2.6639317207993187,0.2708333333333333,5.581989719393953e-17
Matthew 25:9 (KJV),sn86081895/1901-01-31/ed-1/seq-7/,quotation,85,7.08680588896167,0.6439393939393939,1.7749069964380827e-16
Acts 16:28 (KJV),sn84025841/1896-11-21/ed-1/seq-4/,quotation,29,3.5507460268449407,0.34523809523809523,2.2728113579696487e-6
Luke 17:18 (KJV),sn85033781/1896-04-29/ed-1/seq-6/,quotation,18,4.042191452381683,0.375,1.6085349669945778e-19
Exodus 39:2 (KJV),sn88064176/1900-07-21/ed-1/seq-3/,quotation,37,4.998034168226946,0.6166666666666667,1.4541075270022144e-171
Luke 2:13 (KJV),sn85038115/1882-12-26/ed-1/seq-3/,quotation,30,6.596634975480786,0.625,1.656078441292163e-120
Exodus 20:13 (KJV),sn83025661/1840-04-22/ed-1/seq-1/,quotation,5,7.872920656261976,1,1.0481796255719094e-18
Exodus 28:6 (KJV),sn88064176/1900-07-21/ed-1/seq-3/,quotation,43,3.734740645020671,0.44791666666666663,2.7429759127590664e-60
Hosea 4:11 (KJV),sn86072143/1876-06-02/ed-1/seq-1/,quotation,10,2.9208885696167552,0.2777777777777778,8.238392583955975e-11
2 Samuel 3:39 (KJV),sn83004710/1915-05-21/ed-1/seq-4/,quotation,57,3.306936999761122,0.31666666666666665,3.6031404048706246e-14
1 Corinthians 3:6 (KJV),sn90061783/1909-08-12/ed-1/seq-7/,quotation,24,7.019055030966182,0.6666666666666666,1.67501540196092e-35
Hebrews 13:18 (KJV),sn82016187/1910-09-01/ed-1/seq-8/,noise,5,0.5373372371999814,0.05208333333333333,4.139868612777475e-5
Psalm 19:10 (KJV),sn85066387/1901-07-19/ed-1/seq-3/,quotation,36,3.043578889694873,0.3,2.5688620848195373e-50
Mark 16:15 (KJV),sn84026925/1892-01-13/ed-1/seq-2/,quotation,48,5.7547526825494915,0.5714285714285714,7.969286855965019e-4
Romans 13:9 (KJV),sn88064181/1914-11-13/ed-1/seq-4/,quotation,125,2.693055714289767,0.3156565656565657,8.625273170616048e-39
Psalm 8:4 (KJV),sn84024283/1910-02-10/ed-1/seq-1/,quotation,13,1.7269991463015384,0.18055555555555555,1.277350214215832e-12
Mark 14:50 (KJV),sn97067613/1889-08-29/ed-1/seq-4/,quotation,5,10.739781526537865,1,0.2644983249234756
Genesis 1:1 (KJV),sn84021912/1897-03-13/ed-1/seq-1/,quotation,2,1.5717067566239014,0.15384615384615385,0.003274193345417926
Psalm 75:7 (KJV),sn84036012/1889-10-15/ed-1/seq-7/,quotation,48,10.883344523981528,1,1.6687661662054226e-43
Psalm 53:3 (KJV),sn85038180/1876-06-15/ed-1/seq-2/,quotation,10,0.771107464393608,0.08333333333333333,0.41958176817512555
Acts 13:1 (KJV),sn83016475/1840-11-23/ed-1/seq-2/,noise,2,0.0668552004120497,0.009259259259259259,6.762585606451975e-4
Acts 19:4 (KJV),sn83025661/1840-04-08/ed-1/seq-1/,quotation,181,9.515902508400586,0.8872549019607843,5.820481497573933e-34
Exodus 20:14 (KJV),sn88064181/1914-11-13/ed-1/seq-4/,quotation,8,4.209351790847806,0.6153846153846154,1.1088685254101818e-64
Hebrews 13:1 (KJV),sn85052020/1897-02-19/ed-1/seq-2/,quotation,1,2.262941241344694,0.2,1.2408505917960777e-103
Revelation 21:16 (KJV),sn82006687/1872-02-08/ed-1/seq-2/,quotation,54,4.287865699827298,0.4090909090909091,4.599440753845232e-157
John 9:4 (KJV),sn84024718/1869-06-29/ed-1/seq-1/,quotation,36,2.7790955765882304,0.2727272727272727,0.00953221701335125
Matthew 23:30 (KJV),sn83035174/1869-11-24/ed-1/seq-1/,noise,6,0.38340066151334723,0.041666666666666664,1.4644683913946397e-23
2 Timothy 3:12 (KJV),sn83016925/1887-06-15/ed-1/seq-4/,quotation,18,3.119524642454794,0.3,1.0997556864443145e-6
Lamentations 3:33 (KJV),sn84024718/1864-02-02/ed-1/seq-2/,quotation,10,2.1663365572602737,0.20833333333333331,1.6845455607325144e-13
Luke 14:26 (KJV),sn94060041/1905-05-20/ed-1/seq-1/,quotation,87,5.014497252907601,0.48333333333333334,1.5338323443964377e-10
Exodus 20:8 (KJV),sn88064176/1899-04-22/ed-1/seq-3/,quotation,5,3.6894445534950457,0.38461538461538464,4.5866542004651735e-30
Mark 10:22 (KJV),sn85042588/1889-03-29/ed-1/seq-2/,quotation,13,3.0017297061219286,0.2708333333333333,5.25633480751563e-7
Matthew 19:24 (KJV),sn84026688/1903-03-05/ed-1/seq-4/,quotation,101,8.402456991622145,0.8416666666666667,2.098334273304987e-44
John 6:47 (KJV),sn82015485/1917-06-21/ed-1/seq-2/,noise,5,1.0770088985863668,0.10416666666666666,1.4395346517020943e-75
Exodus 20:15 (KJV),sn86053712/1867-01-23/ed-1/seq-2/,quotation,5,8.242451235699095,1,8.080031303170993e-10
Luke 8:42 (KJV),sn83030313/1846-06-27/ed-1/seq-4/,noise,5,0.4853208143542377,0.046296296296296294,2.858132715238685e-6
Revelation 8:10 (KJV),sn92065637/1896-06-24/ed-1/seq-5/,quotation,60,3.8726964331404035,0.3571428571428571,6.651334120273452e-44
2 Chronicles 20:12 (KJV),sn86069180/1899-06-03/ed-1/seq-3/,noise,2,0.06912911405472212,0.008771929824561403,2.0594286075446328e-4
Luke 23:34 (KJV),sn89081022/1908-08-26/ed-1/seq-6/,quotation,13,1.373378579102953,0.13541666666666666,0.004296471052216382
1 Corinthians 9:27 (KJV),sn92065637/1896-02-19/ed-1/seq-5/,quotation,18,1.4774894468225004,0.13636363636363635,3.313719035802429e-5
Proverbs 6:6 (KJV),sn89058370/1887-10-05/ed-1/seq-3/,quotation,36,10.362964061028274,1,2.717776374664023e-82
Nehemiah 5:4 (KJV),sn82014296/1869-07-29/ed-1/seq-4/,noise,5,0.43784124829536064,0.046296296296296294,3.7140183052037935e-8
Proverbs 6:8 (KJV),sn89058370/1887-10-05/ed-1/seq-3/,quotation,12,5.273588921196061,0.5,3.511216289411534e-187
Exodus 16:17 (KJV),sn84026909/1884-03-13/ed-1/seq-3/,noise,5,0.8665346229041094,0.08333333333333333,1.0396526960150134e-7
Mark 8:36 (KJV),sn85038292/1871-08-10/ed-1/seq-1/,noise,49,6.076511566222598,0.5833333333333333,1.3058569653043393e-42
Luke 19:10 (KJV),sn83045462/1860-08-09/ed-1/seq-1/,quotation,5,1.4119146267900244,0.1388888888888889,9.4525457224827e-16
Psalm 23:3 (KJV),sn84026853/1886-10-27/ed-1/seq-6/,quotation,33,7.577186683763594,0.6875,3.825181193982996e-23
Mark 10:16 (KJV),sn85042588/1889-03-29/ed-1/seq-2/,quotation,73,11.10511687041581,1.0138888888888888,3.147356633718391e-30
Deuteronomy 5:17 (KJV),sn88064181/1914-11-13/ed-1/seq-4/,quotation,8,10.848079783878523,1.6,6.620983493863014e-80
Philippians 2:8 (KJV),sn84026918/1882-06-23/ed-2/seq-1/,quotation,30,2.9850384453931866,0.2777777777777778,2.2573358195973827e-37
Romans 8:14 (KJV),sn88064537/1892-07-02/ed-1/seq-3/,quotation,13,5.706856232648116,0.5416666666666666,1.1733826339413588e-24
1 Corinthians 15:44 (KJV),sn84026853/1886-04-28/ed-1/seq-1/,quotation,33,4.82482552979163,0.4583333333333333,3.360967912259061e-52
1 Corinthians 9:22 (KJV),sn85054616/1854-12-20/ed-1/seq-1/,quotation,10,0.6358617727263752,0.0641025641025641,0.017757003592011687
Proverbs 3:17 (KJV),sn89058007/1895-07-19/ed-1/seq-1/,quotation,34,14.701875449777814,1.4166666666666665,6.960441788195697e-13
John 8:11 (KJV),sn97067613/1889-02-07/ed-1/seq-4/,quotation,45,4.069260909400079,0.375,1.7657968439046617e-6
1 Corinthians 1:26 (KJV),sn83016925/1887-07-06/ed-1/seq-4/,quotation,36,2.091293850252464,0.2,7.618426981455641e-7
Luke 18:13 (KJV),sn83045706/1858-12-29/ed-1/seq-2/,quotation,24,1.2254333441840564,0.11764705882352941,9.047645203028792e-8
Matthew 24:44 (KJV),sn84022687/1847-12-16/ed-1/seq-1/,quotation,24,2.502082029061367,0.25,1.3054652396919e-4
1 John 2:19 (KJV),sn89058248/1897-10-15/ed-1/seq-4/,noise,2,0.07943569533968263,0.010416666666666666,1.4075388961252672e-9
Matthew 25:23 (KJV),sn84026853/1876-04-05/ed-1/seq-3/,quotation,83,3.044236668406057,0.3007246376811594,1.3131407675051811e-28
Amos 7:8 (KJV),sn85034374/1900-08-11/ed-1/seq-7/,quotation,103,4.10691846342833,0.42916666666666664,1.5866242609350997e-36
Leviticus 19:28 (KJV),sn85038523/1863-01-25/ed-1/seq-1/,noise,5,0.304511563159761,0.034722222222222224,4.1473750304859595e-6
1 Kings 17:2 (KJV),sn84026688/1903-01-29/ed-1/seq-1/,quotation,29,8.910901666436626,1.2083333333333333,5.8681829539513724e-21
Luke 2:40 (KJV),sn84036012/1898-01-10/ed-1/seq-3/,quotation,13,1.581302178890624,0.15476190476190477,6.71463641388429e-7
Mark 10:23 (KJV),sn85042588/1889-03-29/ed-1/seq-2/,noise,6,0.4133749020345901,0.045454545454545456,2.882479763154813e-8
James 2:25 (KJV),sn83040052/1898-11-04/ed-1/seq-2/,noise,5,0.3093193182485048,0.03205128205128205,0.12471964145114744
Luke 2:11 (KJV),2010270501/1903-12-11/ed-1/seq-6/,quotation,24,4.370680041804229,0.4,3.414922623572007e-12
Luke 18:8 (KJV),sn83045217/1921-12-19/ed-1/seq-7/,quotation,48,4.569239840291039,0.4444444444444444,2.0017419556593777e-11
Psalm 84:9 (KJV),sn94060041/1894-03-03/ed-1/seq-1/,quotation,13,2.2138784810630328,0.21666666666666667,0.3180336951723849
Jeremiah 25:32 (KJV),sn84022770/1909-10-22/ed-1/seq-2/,quotation,34,2.0405506256126937,0.20238095238095238,5.585168683069161e-26
Daniel 1:8 (KJV),sn98069867/1919-08-29/ed-1/seq-7/,quotation,53,2.6344926784263945,0.24537037037037035,3.535223663273195e-39
2 Thessalonians 3:13 (KJV),sn86063662/1884-03-13/ed-1/seq-3/,quotation,5,2.0438810020723324,0.20833333333333331,1.4529946756914179e-11
Psalm 126:6 (KJV),sn89058007/1903-10-02/ed-1/seq-4/,quotation,120,11.127280203778897,1,9.856352659860358e-38
Proverbs 22:1 (KJV),sn82016014/1909-03-20/ed-1/seq-14/,quotation,109,10.541737282343126,1.0092592592592593,5.777349560026013e-59
Psalm 19:14 (KJV),sn85038115/1873-02-25/ed-1/seq-2/,quotation,69,8.840655011235585,0.8214285714285714,7.902827417715556e-303
Genesis 4:4 (KJV),sn86089977/1907-01-26/ed-1/seq-4/,quotation,37,3.4688716639373367,0.34259259259259256,3.252389370876249e-42
Acts 19:7 (KJV),sn83035595/1867-02-15/ed-1/seq-1/,noise,1,1.5251653505219067,0.2,0.003982506690122526
Matthew 7:1 (KJV),sn84028385/1866-03-14/ed-1/seq-1/,quotation,13,9.805077578740853,1,0.005776247353029206
Daniel 3:10 (KJV),sn89081022/1908-03-25/ed-1/seq-5/,noise,2,0.0700777742613926,0.007936507936507936,1.0283478229989051e-4
Acts 7:56 (KJV),sn83016925/1887-06-15/ed-1/seq-4/,quotation,79,9.57685064454998,0.9404761904761905,2.4416572989897613e-42
Matthew 28:18 (KJV),sn2006060001/1888-06-14/ed-1/seq-3/,quotation,55,5.350618489367943,0.5092592592592592,8.979597932373142e-11
John 6:26 (KJV),sn88076421/1907-06-06/ed-1/seq-14/,quotation,94,4.61404617941338,0.4351851851851852,2.9623152831230697e-28
Job 37:6 (KJV),sn85034235/1910-12-29/ed-1/seq-4/,quotation,72,11.174717344909354,1,2.2177538714492395e-134
Luke 1:70 (KJV),sn82014086/1916-03-02/ed-1/seq-4/,noise,2,0.2032362640292853,0.027777777777777776,2.1261699644735083e-6
2 Samuel 12:8 (KJV),sn82015679/1894-11-11/ed-1/seq-5/,noise,3,0.08183818897133424,0.01,6.535241001625838e-10
Romans 6:15 (KJV),sn86061215/1912-06-01/ed-1/seq-4/,quotation,108,10.242543290474115,1,5.097137835184445e-47
2 Timothy 1:6 (KJV),sn85038119/1894-09-27/ed-1/seq-1/,quotation,72,7.005864381743032,0.6666666666666666,4.4518625272465336e-9
Acts 7:57 (KJV),sn83016925/1887-06-15/ed-1/seq-4/,quotation,97,10.891820980509076,1.0104166666666665,8.205710965368331e-22
Psalm 71:9 (KJV),sn84026853/1876-02-09/ed-1/seq-2/,quotation,41,3.983153979076956,0.3796296296296296,2.095312912786523e-11
Zechariah 2:11 (KJV),sn93067841/1917-04-12/ed-1/seq-6/,quotation,48,2.494035237012522,0.23529411764705882,4.6398813275477906e-7
Genesis 14:24 (KJV),sn84026688/1903-01-29/ed-1/seq-1/,quotation,113,6.508256385339205,0.6277777777777778,4.360284773774055e-9
1 Kings 22:23 (KJV),sn86069867/1899-12-10/ed-1/seq-2/,quotation,51,2.9514458025529553,0.30357142857142855,5.407947974493477e-16
Isaiah 2:12 (KJV),sn86063778/1909-02-11/ed-1/seq-1/,noise,2,0.11217636986233245,0.01282051282051282,0.023961774896228617
Exodus 20:9 (KJV),sn85042461/1894-01-07/ed-1/seq-11/,quotation,12,3.065546374389463,0.3333333333333333,2.6480511705346873e-12
Isaiah 1:9 (KJV),sn86058890/1848-01-18/ed-1/seq-3/,noise,4,0.17041557197339657,0.0196078431372549,1.0710233377577073e-4
2 Samuel 12:13 (KJV),sn82015679/1894-12-13/ed-1/seq-3/,quotation,228,9.967202439562312,1,1.4452248414351415e-96
1 Corinthians 3:14 (KJV),sn83030313/1846-06-27/ed-1/seq-1/,quotation,45,4.994662756103634,0.46875,9.630718377087762e-27
Zechariah 7:13 (KJV),sn83025661/1840-02-12/ed-1/seq-2/,noise,2,0.11713920103435392,0.015151515151515152,2.9956840743628012e-5
Deuteronomy 5:17 (KJV),sn85025620/1888-05-24/ed-1/seq-4/,quotation,5,7.872920656261976,1,1.5460375865836e-63
Matthew 20:28 (KJV),sn87096037/1920-01-08/ed-1/seq-2/,quotation,5,0.5135881091460092,0.05208333333333333,1.6953634095373745e-7
Luke 9:23 (KJV),sn94060041/1890-03-15/ed-1/seq-6/,quotation,117,6.189084701191753,0.65,1.101922520234225e-5
Ephesians 4:20 (KJV),sn83016925/1887-09-28/ed-1/seq-2/,quotation,13,5.774744931243047,0.5416666666666666,0.0077456817715275015
Proverbs 1:10 (KJV),sn86063623/1901-06-08/ed-1/seq-1/,quotation,14,2.860348336894856,0.29166666666666663,3.18318187646513e-6
2 Kings 6:28 (KJV),sn86069867/1899-12-10/ed-1/seq-2/,quotation,98,4.388823035750804,0.45370370370370366,5.911194419804456e-15
Romans 13:3 (KJV),sn82014899/1873-09-20/ed-1/seq-1/,quotation,89,5.21709963254224,0.49444444444444446,8.251245983130971e-16
Genesis 37:4 (KJV),sn89081128/1922-08-23/ed-1/seq-4/,noise,5,0.2850392563548453,0.02976190476190476,1.3584179885514473e-7
Matthew 10:32 (KJV),sn88064181/1914-02-20/ed-1/seq-7/,quotation,24,1.9347244137883384,0.2,1.2522042246348376e-13
Micah 4:3 (KJV),sn85033535/1874-06-06/ed-1/seq-3/,quotation,108,3.292961704487305,0.34615384615384615,3.9297942734684594e-16
Numbers 14:4 (KJV),sn85033306/1888-01-06/ed-1/seq-1/,noise,5,0.739786912774214,0.08333333333333333,4.181001787007044e-12
Job 39:22 (KJV),sn85047084/1885-03-26/ed-1/seq-4/,quotation,48,10.62396881493299,1,9.277729749388054e-56
Luke 19:10 (KJV),sn84026925/1892-08-10/ed-1/seq-1/,quotation,5,1.4119146267900244,0.1388888888888889,2.759499652683174e-4
Proverbs 3:6 (KJV),sn83004710/1915-05-21/ed-1/seq-4/,quotation,14,2.4389657967092013,0.23333333333333334,2.271052999644181e-9
Matthew 28:17 (KJV),sn2006060001/1888-06-14/ed-1/seq-3/,quotation,13,3.8355629816701615,0.3611111111111111,8.268682657024124e-34
Job 37:5 (KJV),sn85034235/1910-12-29/ed-1/seq-4/,quotation,57,6.9962545307327435,0.6785714285714285,2.126738251577333e-20
Acts 19:7 (KJV),sn85025620/1888-12-06/ed-1/seq-2/,noise,1,1.5251653505219067,0.2,0.0019277072052633968
Job 34:27 (KJV),sn86089174/1895-07-19/ed-1/seq-2/,noise,4,0.6304390169829459,0.06666666666666667,7.491399600539707e-5
Leviticus 25:37 (KJV),sn93067659/1904-08-17/ed-1/seq-7/,quotation,66,5.3154436739995194,0.5,8.530218731796784e-14
Mark 16:10 (KJV),sn85034357/1918-08-02/ed-1/seq-3/,noise,4,0.8039575303373768,0.08333333333333333,2.1706443371984743e-10
Luke 14:26 (KJV),sn84024718/1869-06-29/ed-1/seq-1/,quotation,102,5.910629437329807,0.5666666666666667,4.4863421634676645e-9
Luke 6:31 (KJV),sn84026900/1854-05-03/ed-1/seq-2/,quotation,5,1.0246531167789774,0.10416666666666666,3.404182813092358e-7
Deuteronomy 33:25 (KJV),sn95067647/1908-07-30/ed-1/seq-3/,quotation,24,2.8786760139721324,0.2857142857142857,4.0310753179790663e-116
Luke 3:11 (KJV),sn84036012/1898-01-10/ed-1/seq-3/,quotation,110,7.426273024598684,0.7051282051282051,4.5949544325705073e-69
Mark 5:1 (KJV),sn97067613/1889-02-07/ed-1/seq-4/,quotation,37,8.32098028435768,0.7708333333333333,2.734636171724606e-15
Matthew 4:19 (KJV),sn94060041/1890-03-15/ed-1/seq-6/,quotation,13,2.932215979861,0.2708333333333333,2.1380182384658002e-8
Luke 10:31 (KJV),sn84026918/1882-09-08/ed-2/seq-4/,noise,3,0.28849071973990503,0.03125,6.878450042037879e-9
Mark 11:10 (KJV),sn97067613/1889-04-04/ed-1/seq-4/,quotation,56,8.39952964635289,0.7777777777777777,2.2704875786959122e-100
Luke 4:16 (KJV),sn84024738/1861-03-14/ed-1/seq-2/,noise,5,0.3573620112584407,0.03787878787878788,4.1563964836439193e-22
Luke 2:45 (KJV),sn92065637/1896-01-08/ed-2/seq-2/,quotation,5,0.6543566368792624,0.06944444444444445,0.0012662443320122017
Job 14:1 (KJV),sn84020109/1875-01-07/ed-1/seq-1/,quotation,13,3.7499188782290855,0.3611111111111111,3.08710224776678e-8
Numbers 9:6 (KJV),sn86063381/1918-10-01/ed-1/seq-6/,noise,4,0.19712512558054535,0.020833333333333332,8.611335651731652e-6
1 John 4:18 (KJV),sn88085947/1904-08-02/ed-1/seq-4/,quotation,13,0.8658892538800488,0.08333333333333333,3.0052763117173263e-5
Job 7:10 (KJV),sn84024283/1905-05-18/ed-1/seq-4/,quotation,56,5.7552011133599486,0.5833333333333333,1.3785889124289423e-16
Psalm 119:176 (KJV),sn84024716/1908-11-11/ed-1/seq-4/,quotation,60,5.705208044930363,0.5555555555555556,3.373177734675409e-11
1 Timothy 6:15 (KJV),sn84024716/1908-10-14/ed-1/seq-4/,quotation,5,0.5158778770037658,0.05208333333333333,3.347547772263503e-9
Romans 12:11 (KJV),sn84026853/1876-04-05/ed-1/seq-3/,quotation,19,5.862983192286605,0.5277777777777778,3.7665902798275806e-18
Psalm 122:1 (KJV),sn84023209/1858-02-04/ed-1/seq-4/,quotation,45,7.282232599946644,0.75,9.846537971481738e-8
Isaiah 65:14 (KJV),sn84026912/1879-04-17/ed-1/seq-4/,quotation,51,4.039627416714912,0.38636363636363635,2.0391593239378825e-133
Psalm 124:2 (KJV),sn84026853/1876-05-24/ed-1/seq-3/,noise,2,0.13844026771082152,0.018518518518518517,1.6572368732948557e-8
Isaiah 65:21 (KJV),sn85033964/1867-08-30/ed-1/seq-4/,quotation,72,8.38398707577944,0.8571428571428571,3.0018345299670042e-46
Mark 3:16 (KJV),sn84025890/1883-03-03/ed-1/seq-2/,noise,1,9.235264665043633,1,1.0067447691556713e-85
Job 21:5 (KJV),sn83016475/1840-05-30/ed-1/seq-2/,noise,13,2.149594466546186,0.21666666666666667,5.809723264280223e-6
Isaiah 58:8 (KJV),sn83035487/1861-04-27/ed-1/seq-2/,quotation,85,3.656530749988118,0.3541666666666667,6.789662794538808e-73
Isaiah 1:25 (KJV),sn83016474/1840-04-02/ed-1/seq-1/,quotation,120,10.623109097023448,1,1.2170428968764817e-43
Luke 19:42 (KJV),sn83016632/1879-10-11/ed-1/seq-3/,quotation,165,9.477206086565221,0.859375,7.445300836569183e-76
Acts 19:7 (KJV),sn83035487/1861-04-06/ed-1/seq-1/,noise,1,1.5251653505219067,0.2,0.014332584191420064
2 Thessalonians 3:13 (KJV),sn86071065/1844-09-25/ed-1/seq-2/,quotation,5,2.0438810020723324,0.20833333333333331,0.037488686449676345
Ephesians 4:5 (KJV),sn82015015/1842-04-26/ed-1/seq-4/,quotation,12,5.017224274340983,0.5,9.643814628244236e-6
1 Samuel 3:4 (KJV),sn85038180/1876-07-20/ed-1/seq-2/,quotation,24,10.527685912989789,1,1.6942584124752665e-64
Job 3:11 (KJV),sn84024779/1886-09-02/ed-1/seq-3/,noise,5,0.4243128268566458,0.041666666666666664,1.1078602710481729e-5
Proverbs 21:5 (KJV),sn86071045/1881-03-23/ed-1/seq-2/,quotation,72,10.589309377323087,1,6.770453254483815e-41
Matthew 6:3 (KJV),sn85034235/1910-12-29/ed-1/seq-3/,quotation,7,0.5959388118865625,0.058333333333333334,8.914558129686749e-14
Matthew 12:25 (KJV),sn84022871/1915-07-28/ed-1/seq-8/,noise,6,0.26396495917286855,0.027777777777777776,0.0021558691181826862
Ezekiel 14:16 (KJV),sn82014086/1916-05-17/ed-1/seq-11/,noise,2,0.09441056675121846,0.010416666666666666,1.0190535807327242e-6
Psalm 124:2 (KJV),sn84026536/1868-11-27/ed-1/seq-4/,noise,7,0.5297889364059593,0.06481481481481481,1.452426383956447e-8
Psalm 84:10 (KJV),sn93067853/1901-02-15/ed-1/seq-1/,quotation,33,2.594078973051906,0.25,6.41781086729457e-17
1 John 1:10 (KJV),sn89055016/1863-10-20/ed-1/seq-4/,noise,6,0.5215600696037113,0.0625,2.993489256357851e-23
Revelation 22:17 (KJV),sn85038180/1876-09-28/ed-1/seq-3/,quotation,59,3.6915532997949567,0.35119047619047616,8.669672056015436e-143
Exodus 20:14 (KJV),sn84025890/1883-08-25/ed-1/seq-2/,quotation,13,8.46044260037951,1,7.643396402131376e-6
Ruth 1:16 (KJV),sn84022770/1909-06-25/ed-1/seq-4/,quotation,127,4.918372552227041,0.4810606060606061,8.104315655146793e-29
Job 1:21 (KJV),sn85032801/1893-12-29/ed-1/seq-8/,quotation,60,3.421971766030687,0.33333333333333337,8.370456580163356e-102
Mark 1:30 (KJV),sn85034039/1866-10-12/ed-1/seq-4/,quotation,24,4.155426762127342,0.4,1.1803471607721105e-77
John 11:32 (KJV),sn85038119/1894-09-27/ed-1/seq-1/,quotation,75,3.0579374636096417,0.3125,6.743974196295912e-8
Matthew 7:12 (KJV),sn84038125/1876-07-21/ed-1/seq-1/,quotation,60,5.259448929441608,0.5,2.0955623423324266e-9
Job 22:25 (KJV),sn92070405/1893-09-08/ed-1/seq-2/,quotation,72,11.032627200402152,1,7.760444027002046e-88
1 Corinthians 1:27 (KJV),sn83016925/1887-07-06/ed-1/seq-4/,quotation,89,5.893621599482461,0.5297619047619048,4.876113850233369e-80
Exodus 20:14 (KJV),sn85053040/1882-01-28/ed-1/seq-1/,quotation,13,8.46044260037951,1,3.536132897586188e-16
Genesis 49:7 (KJV),sn84024720/1907-03-15/ed-1/seq-2/,quotation,60,7.3362788464953965,0.7142857142857142,6.521289011375643e-147
Matthew 25:23 (KJV),sn85027003/1859-06-23/ed-1/seq-1/,quotation,24,0.8473452961680175,0.08695652173913043,2.3714903418506786e-5
Luke 4:16 (KJV),sn85033637/1851-10-21/ed-1/seq-1/,noise,5,0.3573620112584407,0.03787878787878788,1.5037878502568735e-7
Romans 1:5 (KJV),sn83045160/1864-03-19/ed-1/seq-2/,noise,2,0.17487546120664765,0.020833333333333332,4.5994030504790686e-8
Proverbs 29:20 (KJV),sn85054845/1859-11-10/ed-1/seq-2/,quotation,5,0.6739769648812061,0.06944444444444445,8.289748143617857e-12
1 Samuel 17:27 (KJV),sn84024716/1908-08-05/ed-1/seq-4/,noise,5,0.4960890344679728,0.05208333333333333,0.008183285606943308
Galatians 6:8 (KJV),sn89067274/1888-05-24/ed-1/seq-3/,quotation,83,8.20926007932653,0.7685185185185185,3.544766650995916e-209
Acts 19:11 (KJV),sn90061783/1909-08-12/ed-1/seq-7/,quotation,19,8.408734229046123,0.7916666666666666,5.861106267979299e-9
Matthew 22:14 (KJV),2012218672/1906-11-17/ed-1/seq-3/,quotation,5,9.78955670681563,1,1.3734361125754455e-38
Job 15:9 (KJV),sn85038180/1876-11-16/ed-1/seq-4/,noise,3,0.38655936341336794,0.05,1.7863318208485855e-35
Acts 23:10 (KJV),sn82015015/1842-08-13/ed-1/seq-4/,noise,2,0.06065411034461615,0.007246376811594203,0.005175110603280825
Matthew 24:44 (KJV),sn85038115/1885-06-30/ed-1/seq-3/,quotation,72,7.98025651195447,0.75,3.852234627548e-37
Revelation 14:13 (KJV),sn89067274/1888-02-09/ed-1/seq-3/,quotation,58,2.8150747664531623,0.2685185185185185,8.069193106861297e-74
Isaiah 39:1 (KJV),sn84024718/1869-05-04/ed-1/seq-2/,noise,5,0.3111592702413444,0.03205128205128205,5.421770725628708e-29
Revelation 20:11 (KJV),sn87065519/1846-01-24/ed-1/seq-2/,quotation,49,3.5846732519473994,0.34027777777777773,1.0423621939910528e-30
Genesis 13:11 (KJV),sn86081895/1901-08-01/ed-1/seq-6/,quotation,60,5.219318057878329,0.5,5.6066070956595494e-11
1 Corinthians 15:33 (KJV),sn89055016/1863-11-14/ed-1/seq-4/,noise,5,1.5071812061284648,0.1388888888888889,3.796921595390294e-9
Isaiah 26:18 (KJV),sn96086441/1889-04-26/ed-1/seq-8/,noise,2,0.06020765436921966,0.007575757575757576,5.160048506391377e-11
Exodus 21:24 (KJV),sn85054845/1859-09-22/ed-1/seq-2/,noise,2,0.40041492143687685,0.041666666666666664,7.049787996320867e-127
Psalm 124:1 (KJV),sn83035312/1844-05-28/ed-1/seq-1/,noise,2,0.19962650226167938,0.023809523809523808,5.3584279507516934e-8
Acts 7:55 (KJV),sn85053308/1910-12-16/ed-1/seq-10/,quotation,48,3.4258174066038634,0.3333333333333333,1.6505641770359015e-16
Mark 1:11 (KJV),sn86086632/1898-04-16/ed-1/seq-7/,quotation,24,2.2753876994365814,0.25,2.3002193029496018e-88
Matthew 6:30 (KJV),sn86069313/1913-12-19/ed-1/seq-6/,quotation,84,4.5386588809747055,0.4375,4.661848568929118e-20
1 Timothy 2:5 (KJV),sn84026853/1886-04-28/ed-1/seq-1/,quotation,10,1.5257114611281994,0.1388888888888889,3.4112530171326174e-5
Ruth 1:16 (KJV),sn85027003/1859-12-08/ed-1/seq-2/,quotation,172,6.65992293384617,0.6515151515151515,1.7730893317789173e-24
Matthew 24:41 (KJV),sn85033781/1876-07-21/ed-1/seq-3/,quotation,13,2.0770855871271543,0.21666666666666667,7.450463470208368e-8
Exodus 20:15 (KJV),sn84028385/1866-11-21/ed-1/seq-1/,quotation,5,8.242451235699095,1,2.706315150136416e-14
Luke 15:24 (KJV),sn86069620/1897-03-11/ed-1/seq-2/,quotation,12,2.5568847412957916,0.25,1.3732842982129945e-31
Ephesians 4:5 (KJV),sn86089977/1907-01-26/ed-1/seq-2/,quotation,13,5.488111073773956,0.5416666666666666,3.4125413587064307e-19
Proverbs 4:14 (KJV),sn93067790/1872-08-07/ed-1/seq-6/,quotation,60,10.876946848093626,1,2.1059646717974485e-40
John 3:16 (KJV),sn83016925/1887-03-30/ed-1/seq-4/,quotation,65,4.357024256940315,0.41666666666666663,8.488016841321888e-5
Exodus 28:19 (KJV),sn88064176/1900-07-21/ed-1/seq-3/,quotation,13,10.655715185845741,1,1.7896015818356528e-64
Ezekiel 7:23 (KJV),sn86088055/1909-12-23/ed-1/seq-15/,quotation,30,5.199207737424657,0.5,1.0603031793184984e-30
Matthew 7:20 (KJV),sn86069161/1890-01-01/ed-1/seq-2/,quotation,19,7.074794173327998,0.7916666666666666,1.2603067948960008e-123
Luke 18:25 (KJV),sn86072143/1870-12-09/ed-1/seq-2/,quotation,19,1.859964286508037,0.19791666666666666,9.870287337648343e-21
Proverbs 8:35 (KJV),sn84024716/1908-03-25/ed-1/seq-4/,quotation,42,7.382610405674532,0.7,8.894482289073195e-40
Acts 3:7 (KJV),sn87096037/1920-01-08/ed-1/seq-2/,quotation,5,0.46628632347402915,0.046296296296296294,6.774803552811641e-13
Luke 2:30 (KJV),sn83027091/1902-02-08/ed-1/seq-5/,noise,5,1.9043066790815362,0.20833333333333331,1.7309983918208285e-72
2 Kings 24:18 (KJV),sn86088296/1891-09-03/ed-1/seq-6/,noise,5,0.2838041237955367,0.034722222222222224,1.1426837358770965e-6
Luke 22:11 (KJV),sn85038102/1907-04-19/ed-1/seq-6/,quotation,72,5.315720244406137,0.5,6.6267407555874686e-68
1 Peter 1:4 (KJV),sn85034248/1904-08-20/ed-1/seq-6/,quotation,24,5.277743650877245,0.5,1.0576051598693687e-9
John 5:39 (KJV),sn84026900/1854-09-06/ed-1/seq-1/,quotation,84,9.513023228676953,0.875,6.222971266924211e-13
Mark 1:11 (KJV),sn85038078/1846-11-12/ed-1/seq-1/,quotation,24,2.2753876994365814,0.25,1.6308686598341183e-20
Hebrews 9:14 (KJV),sn84026688/1903-01-29/ed-1/seq-1/,quotation,184,8.567855059275256,0.8070175438596491,1.2220162236261133e-15
Galatians 4:16 (KJV),sn84026526/1860-11-16/ed-1/seq-1/,quotation,7,1.5312325202585018,0.14583333333333331,4.493134273103398e-59
John 8:32 (KJV),sn2006060001/1892-06-17/ed-1/seq-7/,quotation,30,6.385798557601996,0.625,9.83637605172891e-34
Matthew 5:5 (KJV),sn85026050/1866-02-16/ed-1/seq-2/,quotation,5,3.7900277678754266,0.38461538461538464,1.4445061094964895e-103
Luke 12:8 (KJV),sn88064181/1914-02-20/ed-1/seq-7/,quotation,120,7.75948717829522,0.7692307692307692,1.8361509327009994e-29
Exodus 20:13 (KJV),sn84037890/1902-10-29/ed-1/seq-1/,quotation,5,7.872920656261976,1,2.2619338648873646e-26
Isaiah 5:4 (KJV),sn96086441/1881-11-25/ed-1/seq-2/,noise,2,0.10027881687379725,0.010416666666666666,8.737298492514297e-20
Acts 4:20 (KJV),sn85025007/1873-05-03/ed-1/seq-2/,noise,5,0.7360451114114419,0.08333333333333333,1.5982344313873562e-8
Mark 10:23 (KJV),sn85038102/1898-04-29/ed-1/seq-6/,quotation,6,0.4240847000293477,0.045454545454545456,0.003021409103158255
Isaiah 1:12 (KJV),sn85033781/1896-07-15/ed-1/seq-6/,quotation,13,1.2308119297261184,0.12037037037037036,1.572199622149197e-8
Daniel 11:38 (KJV),sn82015418/1882-12-30/ed-1/seq-5/,quotation,5,0.2682202717182646,0.02976190476190476,4.2914877268566475e-8
Psalm 107:3 (KJV),sn84027691/1874-04-30/ed-1/seq-5/,noise,6,1.1202629602067957,0.125,7.460019818807633e-11
Mark 3:20 (KJV),sn84024718/1864-05-10/ed-1/seq-1/,noise,5,0.5756004819339977,0.05952380952380952,6.556317872161774e-8
Hebrews 13:20 (KJV),sn84023416/1892-04-29/ed-1/seq-1/,quotation,36,2.762822260997446,0.25,2.124429632634794e-7
Luke 18:16 (KJV),sn84021912/1892-12-24/ed-1/seq-2/,quotation,24,1.3746270804341896,0.14285714285714285,1.2869177645093183e-5
Deuteronomy 25:16 (KJV),sn87065296/1839-12-07/ed-1/seq-4/,noise,2,0.2695907859524824,0.027777777777777776,3.242628155748769e-8
Luke 12:27 (KJV),sn88064250/1892-01-30/ed-1/seq-2/,quotation,42,2.694793101389316,0.2692307692307692,1.2445274940403928e-4
Luke 4:16 (KJV),sn90059180/1898-07-15/ed-1/seq-1/,noise,2,0.1419514554192145,0.015151515151515152,5.773334308539623e-13
John 14:18 (KJV),sn86069643/1912-03-07/ed-1/seq-1/,quotation,1,2.262941241344694,0.2,6.80923034508955e-5
1 Peter 1:5 (KJV),sn85034248/1904-08-20/ed-1/seq-6/,quotation,30,3.3975022686887817,0.3125,2.2388347555271748e-12
Matthew 17:27 (KJV),sn83016475/1840-05-30/ed-1/seq-2/,noise,2,0.05472957895112306,0.005747126436781609,1.7653807990702491e-7
1 Thessalonians 4:4 (KJV),sn88056095/1899-02-11/ed-1/seq-3/,noise,5,0.879447809064117,0.08333333333333333,2.306433206986143e-15
1 Corinthians 13:5 (KJV),sn90061783/1909-08-26/ed-1/seq-6/,quotation,15,1.3254287639747437,0.125,1.1548024864312817e-15
Hebrews 11:6 (KJV),sn85034248/1904-08-20/ed-1/seq-6/,quotation,43,3.927538236805398,0.35833333333333334,5.2792837348969495e-23
2 Corinthians 13:11 (KJV),sn93055779/1908-02-17/ed-1/seq-8/,quotation,49,4.373802699850163,0.4083333333333333,2.9767884820362927e-7
2 Chronicles 24:15 (KJV),sn88064328/1911-04-08/ed-1/seq-2/,noise,5,0.5221742470504629,0.05952380952380952,1.2534929020092691e-9
Acts 19:7 (KJV),sn86069643/1912-08-29/ed-1/seq-3/,noise,1,1.5251653505219067,0.2,1.2607840426206292e-5
Acts 5:6 (KJV),sn86090270/1894-02-01/ed-1/seq-7/,noise,13,1.6304354930226859,0.15476190476190477,4.100835656750375e-8
Mark 16:15 (KJV),sn88064249/1919-11-15/ed-1/seq-3/,quotation,30,3.5420753008304606,0.3571428571428571,0.0011177131024714495
1 John 3:22 (KJV),sn90061308/1917-11-09/ed-1/seq-2/,quotation,86,7.391797445448789,0.7166666666666667,1.3829138082019443e-42
Zechariah 2:8 (KJV),sn84024716/1908-08-19/ed-1/seq-4/,quotation,7,0.45841447068197116,0.04487179487179487,9.871934902774009e-5
Mark 12:30 (KJV),sn84026912/1921-01-26/ed-1/seq-3/,quotation,67,2.903327090042559,0.3489583333333333,2.0953317002804016e-30
Luke 3:13 (KJV),sn85033386/1873-06-27/ed-1/seq-1/,noise,3,0.46176323325218166,0.05,4.705764500725246e-10
2 Timothy 2:15 (KJV),sn83035565/1913-01-16/ed-1/seq-4/,quotation,59,5.323242852579368,0.49166666666666664,2.5135891365016717e-40
Judges 7:6 (KJV),sn84026707/1866-08-02/ed-1/seq-1/,noise,5,0.3031328506574377,0.02976190476190476,0.06282994265423471
Isaiah 66:2 (KJV),sn83025010/1900-04-05/ed-1/seq-2/,noise,5,0.224198920534601,0.023148148148148147,9.33128144659133e-6
Luke 12:27 (KJV),sn85033964/1874-08-13/ed-1/seq-4/,quotation,29,1.8201538234346066,0.1858974358974359,8.6048620728071915e-16
Revelation 10:10 (KJV),sn97067613/1889-02-07/ed-1/seq-4/,quotation,42,3.164562573186323,0.29166666666666663,6.039330516544717e-18
Exodus 20:8 (KJV),sn85026241/1894-03-08/ed-1/seq-4/,quotation,5,3.6894445534950457,0.38461538461538464,1.6374642680930734e-18
Genesis 15:9 (KJV),sn84026688/1903-01-29/ed-1/seq-1/,quotation,271,14.11075993020499,1.4114583333333333,1.2218503007098158e-35
Deuteronomy 13:5 (KJV),sn84025890/1883-03-03/ed-1/seq-2/,noise,23,0.4208417923825022,0.05043859649122807,0.002337382393921205
Luke 13:30 (KJV),sn88064176/1899-12-30/ed-1/seq-2/,noise,2,0.35405196753878415,0.03333333333333333,0.12223786660794234
Matthew 25:23 (KJV),sn85033637/1878-11-26/ed-1/seq-1/,quotation,185,6.768000107062459,0.6702898550724637,1.1763106747617084e-28
Psalm 107:3 (KJV),sn91068402/1911-01-05/ed-1/seq-4/,noise,5,0.9325104370040995,0.10416666666666666,8.817265497018125e-18
Mark 2:17 (KJV),sn83032195/1874-02-04/ed-1/seq-1/,quotation,24,1.4363820735929138,0.14285714285714285,2.9047724750785707e-5
Psalm 147:13 (KJV),sn86061215/1912-11-30/ed-1/seq-8/,quotation,25,3.01080310014998,0.2976190476190476,4.27425845697727e-41
Jeremiah 8:20 (KJV),sn84026497/1889-01-30/ed-1/seq-3/,quotation,36,10.240264490611171,1,1.3731468772636768e-31
Acts 19:7 (KJV),sn84022770/1899-03-31/ed-1/seq-4/,noise,1,1.5251653505219067,0.2,0.0028795007076523765
Proverbs 17:1 (KJV),sn83032195/1874-01-28/ed-1/seq-2/,quotation,5,0.719579941909064,0.06944444444444445,5.609264963746892e-13
Mark 3:25 (KJV),sn85033781/1895-02-15/ed-1/seq-6/,quotation,13,2.7089985992648256,0.2708333333333333,9.296685978451669e-26
Romans 10:14 (KJV),sn84026925/1892-01-13/ed-1/seq-2/,quotation,96,4.446270643525717,0.4444444444444444,2.9911763875845604e-8
Matthew 10:6 (KJV),sn83032041/1874-05-08/ed-1/seq-3/,quotation,5,2.0586038815293803,0.20833333333333331,5.925813402046709e-78
1 Samuel 23:22 (KJV),sn84023296/1878-12-18/ed-1/seq-1/,noise,5,0.3066790103869097,0.02976190476190476,3.702741786449772e-20
Exodus 20:15 (KJV),sn86061215/1912-08-08/ed-1/seq-1/,quotation,5,8.242451235699095,1,9.058761137365195e-6
John 9:4 (KJV),sn82015485/1917-06-21/ed-1/seq-2/,quotation,133,10.437760457545505,1.0075757575757576,3.2084098188311867e-35
1 Peter 5:11 (KJV),sn94060041/1894-03-03/ed-1/seq-1/,quotation,45,18.24400074369797,1.875,4.0297250115555646e-45
Luke 24:52 (KJV),sn86061215/1912-04-06/ed-1/seq-6/,quotation,13,5.694537472560576,0.5416666666666666,3.116162492763426e-5
Mark 3:25 (KJV),sn89081022/1908-06-24/ed-1/seq-4/,quotation,5,0.9967039820440087,0.10416666666666666,7.3531836635390585e-9
Luke 12:3 (KJV),sn85034235/1910-12-29/ed-1/seq-4/,quotation,146,8.799583833346997,0.8111111111111111,2.0314435084943153e-48
Luke 24:16 (KJV),sn87093353/1920-04-17/ed-1/seq-2/,noise,2,0.5338865619158357,0.05555555555555555,4.017382232940986e-6
Matthew 25:42 (KJV),sn84024283/1888-02-16/ed-1/seq-5/,noise,2,0.20219308946436182,0.020833333333333332,3.45470725108771e-7
Mark 10:24 (KJV),sn85042588/1889-03-29/ed-1/seq-2/,quotation,49,2.7872075138171466,0.27222222222222225,3.399151564688812e-9
James 5:15 (KJV),sn86069867/1899-12-10/ed-1/seq-4/,quotation,72,4.838751966323634,0.4615384615384615,6.246511005758388e-12
Ephesians 2:20 (KJV),sn83035487/1845-11-28/ed-1/seq-3/,quotation,69,7.597790851954205,0.71875,4.405423020845946e-50
Matthew 8:34 (KJV),sn97067613/1889-02-07/ed-1/seq-4/,quotation,25,1.841605820177085,0.1736111111111111,7.44768538962354e-5
Psalm 134:2 (KJV),sn93067846/1894-05-23/ed-1/seq-2/,noise,2,0.5675607732252976,0.05555555555555555,5.970324341338235e-32
John 14:2 (KJV),sn85025620/1888-03-22/ed-1/seq-3/,noise,6,0.46109096132555893,0.05,1.0970277417440153e-6
Matthew 20:28 (KJV),sn83045217/1921-12-19/ed-1/seq-7/,quotation,34,3.5022516975446507,0.35416666666666663,1.9369208711085133e-17
Psalm 107:3 (KJV),sn95079154/1911-04-06/ed-1/seq-2/,noise,5,0.9325104370040995,0.10416666666666666,1.3061634388097e-8
Acts 5:4 (KJV),sn84023963/1909-02-05/ed-1/seq-6/,quotation,214,8.737675611672657,0.8106060606060607,1.5698745167412254e-36
1 Chronicles 9:24 (KJV),sn85054845/1859-12-22/ed-1/seq-3/,noise,5,0.9325104370040995,0.10416666666666666,8.261450513555014e-18
Matthew 6:9 (KJV),sn88078726/1854-04-06/ed-1/seq-1/,quotation,13,1.2247310364848032,0.12037037037037036,5.004206997156488e-4
Romans 6:5 (KJV),sn83016951/1872-06-22/ed-1/seq-2/,noise,5,0.42308652427233334,0.046296296296296294,1.697225943821849e-4
Psalm 45:13 (KJV),sn85033395/1861-10-03/ed-1/seq-4/,quotation,18,4.199693128736305,0.375,7.17446456624266e-11
Matthew 19:18 (KJV),sn84036276/1902-12-26/ed-1/seq-4/,noise,7,0.20289465583551836,0.027777777777777776,1.4117049849531412e-4
Genesis 34:7 (KJV),sn84026788/1867-08-13/ed-1/seq-1/,noise,4,0.15200911551947438,0.015151515151515152,4.568945152387923e-5
Matthew 19:8 (KJV),sn84023209/1867-05-08/ed-1/seq-2/,quotation,96,7.247760711329164,0.6666666666666666,2.1655608065393618e-42
Matthew 24:28 (KJV),sn84028820/1856-10-30/ed-1/seq-1/,quotation,5,4.0228357626616384,0.38461538461538464,1.0177629025194262e-194
Acts 20:21 (KJV),sn83025661/1840-11-25/ed-1/seq-1/,quotation,60,5.089555302074773,0.5,1.2509871753115863e-120
Philippians 3:12 (KJV),sn86053370/1864-06-22/ed-1/seq-4/,quotation,44,2.564001794885284,0.22916666666666666,5.212941143844652e-6
Genesis 1:1 (KJV),sn84026399/1855-05-24/ed-1/seq-1/,quotation,5,3.6744720887887383,0.38461538461538464,6.150485459000457e-151
Philippians 2:12 (KJV),sn88064592/1879-08-30/ed-1/seq-2/,noise,5,0.2655346909603278,0.026041666666666664,4.8226532654301057e-4
Luke 11:4 (KJV),sn86072143/1876-12-01/ed-1/seq-1/,quotation,7,0.5880629220008871,0.058333333333333334,6.856010730336233e-5
Hebrews 10:24 (KJV),sn85052141/1916-10-12/ed-1/seq-6/,quotation,47,8.167561160643206,0.7833333333333333,5.87409488365016e-43
Proverbs 31:30 (KJV),sn87065308/1898-11-23/ed-1/seq-2/,quotation,18,3.0934590929546357,0.3,2.5836458931333736e-107
Revelation 21:2 (KJV),sn83040592/1919-03-28/ed-1/seq-6/,quotation,15,1.185372354000375,0.11363636363636365,4.444275466623571e-36
John 1:14 (KJV),sn86061215/1912-06-01/ed-1/seq-4/,quotation,13,1.0520075409500773,0.09848484848484848,4.549141128353495e-7
Psalm 44:20 (KJV),sn85033681/1875-09-29/ed-1/seq-1/,noise,2,0.1554988050859109,0.018518518518518517,0.011064809663542478
Proverbs 23:4 (KJV),sn84024716/1908-03-25/ed-1/seq-4/,quotation,10,3.015711344662886,0.2777777777777778,1.2781503948512254e-13
Isaiah 5:4 (KJV),sn85034235/1910-09-15/ed-1/seq-1/,noise,6,0.3026176773618058,0.03125,1.0024219864099137e-12
John 11:21 (KJV),sn85038119/1894-09-27/ed-1/seq-1/,quotation,75,5.559886297472068,0.5681818181818182,4.792627802782253e-14
Matthew 6:29 (KJV),sn85033535/1874-06-20/ed-1/seq-4/,quotation,45,6.136877683150345,0.625,2.6801213717072756e-4
Psalm 19:1 (KJV),sn85038145/1873-09-25/ed-1/seq-1/,quotation,5,1.4249702831579616,0.1388888888888889,7.485019805013009e-118
1 Corinthians 10:23 (KJV),sn84026853/1886-12-15/ed-1/seq-4/,quotation,20,1.3511067602133446,0.1388888888888889,0.01937754112871478
Isaiah 53:6 (KJV),sn84026688/1903-01-29/ed-1/seq-1/,quotation,24,1.2785658074312285,0.125,0.23985778431058769
Proverbs 27:1 (KJV),sn85042588/1889-08-23/ed-1/seq-7/,quotation,84,10.384869941231063,1,1.7637613268622656e-24
Genesis 16:12 (KJV),sn92070446/1901-12-06/ed-1/seq-2/,quotation,60,4.380774415833008,0.41666666666666663,5.024221293473448e-14
Luke 10:31 (KJV),sn86069620/1899-03-02/ed-1/seq-4/,quotation,34,3.706909182543406,0.35416666666666663,6.831023367737518e-19
Romans 8:37 (KJV),sn85030287/1912-12-05/ed-1/seq-1/,quotation,5,0.7376082657058003,0.06944444444444445,7.194100936957077e-8
Luke 20:38 (KJV),sn96086441/1889-04-26/ed-1/seq-8/,quotation,13,2.703932072396197,0.2708333333333333,1.9555571352359487e-27
Revelation 21:25 (KJV),sn88061082/1884-09-27/ed-1/seq-3/,quotation,60,10.715891142553305,1,3.1935457368132276e-4
John 16:19 (KJV),2010270501/1903-12-11/ed-1/seq-6/,quotation,185,6.262646377204899,0.6166666666666667,5.661665591898984e-35
Colossians 3:14 (KJV),sn85032938/1895-03-13/ed-1/seq-2/,noise,2,0.3645732020525805,0.041666666666666664,2.0941659291570852e-5
Proverbs 19:17 (KJV),sn86053569/1838-12-22/ed-1/seq-4/,quotation,36,3.550188557432002,0.3333333333333333,6.501344996958995e-10
Proverbs 22:6 (KJV),sn89058248/1897-10-15/ed-1/seq-4/,quotation,5,0.7142606050721737,0.06944444444444445,0.0010150686213384929
2 Chronicles 36:11 (KJV),sn86088296/1891-09-03/ed-1/seq-6/,noise,5,0.5676082475910734,0.06944444444444445,1.1426837358770965e-6
Psalm 37:35 (KJV),sn84025811/1900-12-21/ed-1/seq-1/,quotation,5,0.6531997969211776,0.05952380952380952,0.013771367557184222
Matthew 7:7 (KJV),sn89066651/1919-12-11/ed-1/seq-29/,quotation,48,5.422728152224531,0.5714285714285714,3.6478408956010985e-130
Matthew 19:21 (KJV),sn84024718/1869-06-29/ed-1/seq-1/,quotation,79,3.4616068691073965,0.3657407407407407,4.5674546093969415e-12
Matthew 6:16 (KJV),sn94060041/1894-03-03/ed-1/seq-1/,quotation,120,6.953862582841475,0.6666666666666667,1.2060913308805635e-6
2 Corinthians 7:2 (KJV),sn83045784/1864-07-14/ed-1/seq-1/,noise,3,0.16418164587996503,0.020833333333333332,3.131245926320892e-6
Philippians 4:12 (KJV),sn83035487/1845-06-20/ed-1/seq-1/,noise,5,0.2868200710252139,0.026041666666666664,0.027820752276826472
Proverbs 25:11 (KJV),sn83016925/1887-08-03/ed-1/seq-1/,quotation,13,2.8124391586718156,0.2708333333333333,1.2686793247128615e-39
Proverbs 9:10 (KJV),sn84026788/1900-03-06/ed-1/seq-1/,quotation,8,2.094845035171676,0.2222222222222222,7.070962796962023e-7
Genesis 3:7 (KJV),sn86063381/1908-03-25/ed-1/seq-4/,quotation,24,1.8494531709222772,0.18181818181818182,2.6305760868509005e-23
Isaiah 58:6 (KJV),sn83035487/1845-06-20/ed-1/seq-1/,quotation,5,0.29695204297604977,0.02976190476190476,2.488275564795441e-4
Luke 9:13 (KJV),sn82016187/1911-03-30/ed-1/seq-4/,noise,2,0.08405055810694889,0.009259259259259259,0.0200324638445173
John 8:32 (KJV),sn84036276/1898-02-26/ed-1/seq-3/,noise,2,0.40877620041446644,0.041666666666666664,4.3168346377074876e-7
Acts 19:7 (KJV),sn86058545/1867-02-07/ed-1/seq-2/,noise,1,1.5251653505219067,0.2,1.9836394346020896e-8
1 Thessalonians 5:21 (KJV),sn85025584/1858-03-18/ed-1/seq-2/,quotation,7,1.9933135807434452,0.19444444444444442,1.0642374518786671e-7
Mark 10:25 (KJV),sn86072143/1870-12-09/ed-1/seq-2/,quotation,36,3.6690642511636757,0.375,1.7676487040457512e-35
Psalm 105:27 (KJV),sn83025779/1920-03-06/ed-1/seq-9/,quotation,13,3.9895956884612604,0.3611111111111111,8.891408069177861e-111
Acts 24:19 (KJV),sn85033386/1873-11-28/ed-1/seq-5/,noise,5,0.437203783812932,0.046296296296296294,2.0878939021117655e-30
Romans 3:15 (KJV),sn83045784/1857-10-10/ed-1/seq-1/,quotation,1,2.043218783611072,0.2,1.1558677651541213e-71
Acts 13:52 (KJV),sn94060041/1890-03-15/ed-1/seq-6/,noise,4,1.6796970022472997,0.16666666666666666,3.1063478009345874e-18
Numbers 14:18 (KJV),sn86063790/1917-03-15/ed-1/seq-8/,quotation,5,0.23823609494379427,0.026041666666666664,1.6033389218521932e-23
Job 1:21 (KJV),sn90059228/1918-01-16/ed-1/seq-1/,quotation,42,2.384419530583657,0.23333333333333334,3.6536943866567e-15
Philippians 4:13 (KJV),sn94060041/1907-06-29/ed-1/seq-1/,quotation,14,3.1628820183188284,0.29166666666666663,4.450273079809958e-4
Acts 11:24 (KJV),sn92065637/1896-04-22/ed-1/seq-3/,quotation,10,1.235076571057326,0.11904761904761904,3.616073297454666e-20
Luke 9:22 (KJV),sn85033781/1896-02-26/ed-1/seq-6/,quotation,29,2.065490248208033,0.20138888888888887,2.8047459032650694e-10
Luke 10:27 (KJV),sn83035565/1913-12-25/ed-1/seq-8/,quotation,145,5.37870555168401,0.6359649122807017,1.216075866414865e-25
Proverbs 22:2 (KJV),sn89058370/1899-04-15/ed-1/seq-2/,quotation,48,10.495473479676013,1,1.6097620450078078e-10
1 Peter 1:13 (KJV),sn84026688/1898-11-17/ed-1/seq-2/,quotation,75,6.216641911540866,0.5681818181818182,1.3860267473183893e-66
John 15:13 (KJV),sn84023209/1867-07-24/ed-1/seq-1/,quotation,48,6.02098628701559,0.5714285714285714,6.070159693434696e-5
Matthew 16:26 (KJV),sn87075048/1900-06-21/ed-1/seq-2/,quotation,38,3.046645945280533,0.2878787878787879,1.219727754144524e-11
Job 38:11 (KJV),sn89058370/1887-11-09/ed-1/seq-1/,quotation,53,5.0991105925943625,0.4907407407407407,1.0358405968057644e-58
Luke 18:25 (KJV),sn85038102/1898-04-29/ed-1/seq-6/,quotation,67,6.891346434760964,0.6979166666666666,9.138922328857592e-22
Mark 7:24 (KJV),sn84026925/1892-01-20/ed-1/seq-2/,noise,2,0.133705089165063,0.013888888888888888,3.2994500698477295e-7
Isaiah 52:14 (KJV),sn86063662/1880-01-29/ed-1/seq-1/,noise,2,0.11821313646967962,0.013888888888888888,2.4988193523977536e-6
Genesis 13:14 (KJV),sn86081895/1901-08-01/ed-1/seq-6/,quotation,73,3.408559822718582,0.33796296296296297,4.485579177499645e-9
Mark 12:8 (KJV),sn89058007/1895-09-27/ed-1/seq-4/,noise,5,0.9041265693969207,0.10416666666666666,3.7150298077260095e-5
Proverbs 4:7 (KJV),sn83016884/1840-04-14/ed-1/seq-1/,quotation,5,0.6322356563192573,0.05952380952380952,0.0015010166819771488
Isaiah 31:7 (KJV),sn85025007/1860-12-06/ed-1/seq-4/,noise,5,0.29688390944018367,0.02976190476190476,9.22322768885441e-4
Galatians 3:6 (KJV),sn84023963/1909-05-28/ed-1/seq-2/,noise,2,0.5246057794345487,0.05555555555555555,4.4239612419444527e-7
2 Timothy 4:6 (KJV),sn86069620/1899-04-13/ed-1/seq-2/,quotation,10,3.1317110266424035,0.2777777777777778,0.1075650256790067
Luke 17:6 (KJV),sn84023209/1874-05-20/ed-1/seq-1/,quotation,2,0.08234192876976835,0.008771929824561403,0.280121531323275
Romans 8:31 (KJV),sn84026688/1903-07-23/ed-1/seq-4/,quotation,14,2.531175915267555,0.23333333333333334,1.5845980329604791e-6
1 Kings 14:28 (KJV),sn83040592/1919-03-21/ed-1/seq-6/,noise,5,0.37880822548351856,0.041666666666666664,3.594262509536424e-12
Luke 6:31 (KJV),sn85033535/1874-06-06/ed-1/seq-3/,quotation,10,2.0828361900669985,0.20833333333333331,0.0016370739965141537
Exodus 20:16 (KJV),sn82016419/1874-10-30/ed-1/seq-1/,quotation,13,1.9054350214043094,0.21666666666666667,1.438436597074072e-9
Acts 6:2 (KJV),sn84022871/1915-12-29/ed-1/seq-3/,quotation,5,0.37524569353687864,0.034722222222222224,0.034732633230376224
Matthew 4:24 (KJV),sn82016419/1867-01-05/ed-1/seq-2/,noise,2,0.05176940868307108,0.00641025641025641,0.45475220963218227
Genesis 3:23 (KJV),sn87052128/1878-04-05/ed-1/seq-6/,quotation,37,3.8562149222395727,0.38541666666666663,4.1821785407217697e-16
Hebrews 12:9 (KJV),sn84023209/1858-03-04/ed-1/seq-3/,noise,4,0.16867953155170035,0.017543859649122806,4.940199988040314e-6
Nehemiah 13:24 (KJV),sn82014593/1852-07-13/ed-1/seq-1/,noise,2,0.15020201856215704,0.016666666666666666,9.325276687912416e-9
John 17:7 (KJV),sn85053157/1906-04-25/ed-1/seq-7/,noise,5,0.5715418320891097,0.05952380952380952,3.849684921708424e-5
1 Corinthians 14:35 (KJV),sn86069867/1899-12-10/ed-1/seq-2/,quotation,24,2.38572426236577,0.2222222222222222,4.900096218201819e-9
Matthew 7:20 (KJV),sn85033386/1873-09-05/ed-1/seq-4/,quotation,13,5.035871165625048,0.5416666666666666,9.781987917520733e-8
Ephesians 5:25 (KJV),sn97067613/1889-12-12/ed-1/seq-3/,noise,5,0.580541214015288,0.05952380952380952,5.1050077329684756e-11
Romans 2:16 (KJV),sn84023209/1858-07-15/ed-1/seq-4/,noise,5,0.558507929334197,0.05952380952380952,1.0166909768573113e-9
Mark 10:15 (KJV),sn85042588/1889-03-29/ed-1/seq-2/,quotation,41,3.556662055315709,0.3416666666666667,3.9431872195788996e-29
Matthew 11:26 (KJV),sn86086632/1898-02-26/ed-1/seq-7/,quotation,19,4.280321290207105,0.3958333333333333,1.5115067451322747e-8
Acts 17:21 (KJV),sn85053167/1897-09-01/ed-1/seq-4/,quotation,2,0.15786100715317336,0.015151515151515152,4.526443730595709e-9
Luke 16:11 (KJV),sn86063662/1884-06-12/ed-1/seq-1/,noise,2,0.12426046814413778,0.015151515151515152,2.757441804451866e-23
Matthew 23:30 (KJV),sn90061052/1921-07-28/ed-1/seq-2/,noise,5,0.30830564024656404,0.034722222222222224,1.6400378524919734e-8
Isaiah 35:10 (KJV),sn89058007/1895-01-11/ed-1/seq-4/,quotation,50,2.7102389593109324,0.26041666666666663,3.737027637193866e-282
Psalm 147:4 (KJV),sn2006060001/1892-03-25/ed-1/seq-6/,quotation,24,6.847789788703039,0.6666666666666666,1.4602588956017103e-4
Romans 8:3 (KJV),sn84026853/1886-04-28/ed-1/seq-1/,quotation,24,1.599756226899894,0.15384615384615385,4.78113949591514e-11
Joshua 4:7 (KJV),sn85049554/1899-08-23/ed-1/seq-1/,noise,6,0.1837541538089269,0.019230769230769232,5.940602189973133e-4
Genesis 26:8 (KJV),sn85038161/1914-11-19/ed-1/seq-6/,noise,2,0.10130535143763611,0.011111111111111112,1.3052156411002213e-6
Romans 10:17 (KJV),sn86061215/1912-06-01/ed-1/seq-4/,quotation,68,15.724402588672,1.4166666666666665,4.4506788358758546e-51
Judges 16:25 (KJV),sn85026941/1898-06-24/ed-1/seq-1/,quotation,157,6.790057598816352,0.6541666666666667,6.863777888446993e-30
Leviticus 16:10 (KJV),sn84026688/1903-01-29/ed-1/seq-1/,quotation,137,8.81446302839352,0.8154761904761905,1.444759125378698e-14
Psalm 107:15 (KJV),sn83021327/1883-02-01/ed-1/seq-2/,quotation,13,1.7112311832792741,0.18055555555555555,8.057869937263173e-23
Mark 16:17 (KJV),sn85042461/1894-09-30/ed-1/seq-16/,quotation,93,7.7757624722802925,0.775,3.035928450452559e-89
Micah 6:8 (KJV),sn91068415/1921-03-10/ed-1/seq-6/,quotation,82,6.070123914623939,0.5694444444444444,1.1753925839993988e-131
Song of Solomon 3:4 (KJV),sn84026707/1866-09-20/ed-1/seq-1/,noise,3,0.10570981698860948,0.0125,0.004971888327135195
Matthew 7:1 (KJV),sn95079220/1902-08-15/ed-1/seq-4/,quotation,17,12.703052249842388,1.3076923076923077,7.354655893742476e-40
Matthew 15:33 (KJV),sn85038145/1875-08-26/ed-1/seq-1/,noise,5,0.3831033633826576,0.03787878787878788,2.33827550484321e-11
Luke 7:14 (KJV),sn94060041/1894-08-25/ed-1/seq-1/,quotation,64,6.2067123052605355,0.5925925925925926,5.873001117237287e-49
Matthew 12:25 (KJV),sn89081022/1908-06-24/ed-1/seq-4/,quotation,6,0.26396495917286855,0.027777777777777776,1.4987411847267794e-4
1 Corinthians 2:10 (KJV),sn85050913/1912-01-23/ed-1/seq-2/,quotation,106,9.443863444079865,0.8833333333333333,2.0765589228872462e-21
Nehemiah 8:8 (KJV),sn88085947/1904-07-27/ed-1/seq-3/,quotation,26,2.8757735570865255,0.2708333333333333,7.111804750688013e-20
Job 39:25 (KJV),sn84026688/1898-10-27/ed-1/seq-1/,quotation,35,3.974070233798975,0.3645833333333333,1.9374631812735043e-209
Ezekiel 14:23 (KJV),sn84026912/1913-01-15/ed-1/seq-6/,noise,2,0.08900869421609495,0.00980392156862745,0.015323514633565379
Luke 14:17 (KJV),sn83016925/1887-03-30/ed-1/seq-4/,quotation,13,1.3952192345109942,0.13541666666666666,0.3378094113232058
Isaiah 1:20 (KJV),sn83035487/1861-04-27/ed-1/seq-2/,quotation,84,9.02624390303858,0.875,3.193233672842366e-57
Hebrews 6:3 (KJV),sn85049554/1899-08-28/ed-1/seq-2/,noise,1,2.079683094969863,0.2,0.002363212109728225
Matthew 28:20 (KJV),sn86069117/1900-01-12/ed-1/seq-1/,quotation,25,1.7939562378371268,0.1736111111111111,1.1988101980235263e-11
Jeremiah 21:12 (KJV),sn83035487/1845-12-05/ed-1/seq-4/,quotation,144,5.2742550620324575,0.5,4.205440581380775e-37
Psalm 107:3 (KJV),sn83016474/1840-04-23/ed-1/seq-1/,noise,5,0.9325104370040995,0.10416666666666666,1.7827600752005704e-6
2 Thessalonians 3:1 (KJV),sn85034357/1901-02-08/ed-1/seq-1/,quotation,60,7.879631573637236,0.7142857142857142,6.5792553864972585e-52
Luke 17:33 (KJV),sn85033781/1896-02-26/ed-1/seq-6/,noise,23,1.99732822504754,0.21296296296296297,3.2651656043108494e-69
Isaiah 1:26 (KJV),sn83016474/1840-04-02/ed-1/seq-1/,quotation,24,1.8505951423943918,0.18181818181818182,2.4275758365521182e-45
Mark 10:9 (KJV),sn84026536/1868-05-08/ed-1/seq-2/,quotation,14,1.8617686897390984,0.19444444444444442,2.143554345202216e-9
Matthew 22:40 (KJV),sn83045784/1857-03-21/ed-1/seq-7/,quotation,5,4.351810079509027,0.38461538461538464,0.2682692093736009
Job 14:1 (KJV),sn84026912/1879-12-25/ed-1/seq-2/,quotation,13,3.7549833659178065,0.3611111111111111,2.5708043933803305e-41
1 Timothy 6:6 (KJV),sn85038102/1907-02-08/ed-1/seq-5/,quotation,5,10.398415474849314,1,2.062191742322417e-86
Deuteronomy 32:30 (KJV),sn89058007/1895-06-14/ed-1/seq-4/,quotation,24,1.4833174302547354,0.14285714285714285,0.04501771767935988
1 John 1:10 (KJV),sn88085620/1921-11-25/ed-1/seq-2/,noise,17,1.481632974661415,0.17708333333333331,1.3073375953190933e-16
Matthew 7:20 (KJV),sn84037890/1902-05-28/ed-1/seq-3/,quotation,13,5.035871165625048,0.5416666666666666,9.468624732087616e-195
Psalm 145:18 (KJV),sn84020712/1861-01-08/ed-1/seq-2/,noise,2,0.16066016439089278,0.018518518518518517,0.09033092724153957
Genesis 3:21 (KJV),sn84021912/1897-03-13/ed-1/seq-1/,quotation,65,7.354631768280423,0.6770833333333333,8.322883398578782e-117
2 Kings 17:9 (KJV),sn92070405/1893-06-30/ed-1/seq-4/,noise,5,0.23256098023097033,0.023148148148148147,4.403483262757091e-8
2 Corinthians 6:10 (KJV),sn86069620/1897-03-11/ed-1/seq-2/,quotation,105,8.411300018018839,0.7954545454545455,6.777172248905148e-28
1 Corinthians 1:28 (KJV),sn83016925/1887-07-06/ed-1/seq-4/,quotation,113,8.628457141979572,0.7847222222222222,8.058805434482878e-37
Matthew 24:47 (KJV),sn93067976/1852-01-16/ed-1/seq-2/,quotation,13,2.2141202258330805,0.21666666666666667,7.609213857505065e-10
